order_id,date,customer_name,customer_email,product_name,category,region,quantity,unit_price,discount_percent,total_revenue,status
ORD-000001,2026-08-17,Diana Prince,diana.p@example.com,Dell XPS 15,Electronics,Europe,1,1899.00,20.0,1519.20,Refunded
ORD-000002,2026-09-19,George Clark,george.c@example.com,Security Audit Suite Pro,Software & Cloud,Latin America,2,450.00,5.0,855.00,Completed
ORD-000003,2026-05-28,Diana Prince,diana.p@example.com,Cable Management Kit,Office Supplies,North America,1,19.99,5.0,18.99,Refunded
ORD-000004,2026-07-21,Hannah Abbott,hannah.a@example.com,Under-desk Footrest,Furniture,Middle East,1,35.00,0.0,35.00,Completed
ORD-000005,2026-05-08,Charlie Zhang,charlie.z@example.com,Dual Monitor Arm Mount,Furniture,Latin America,1,75.00,15.0,63.75,Refunded
ORD-000006,2026-08-28,Ian Malcolm,ian.m@example.com,Cable Management Kit,Office Supplies,Latin America,3,19.99,20.0,47.98,Pending
ORD-000007,2026-03-31,Evan Hughes,evan.h@example.com,SalesPulse Enterprise Annual License,Software & Cloud,North America,5,1200.00,0.0,6000.00,Refunded
ORD-000008,2026-06-20,Ian Malcolm,ian.m@example.com,Samsung 4K 32-inch Monitor,Electronics,Europe,2,499.00,5.0,948.10,Pending
ORD-000009,2026-08-01,Bob Martinez,bob.m@example.com,SalesPulse Enterprise Annual License,Software & Cloud,Europe,1,1200.00,10.0,1080.00,Completed
ORD-000010,2026-06-01,Julia Roberts,julia.r@example.com,Heavy-Duty Desktop Stapler,Office Supplies,Asia Pacific,1,18.00,0.0,18.00,Refunded
ORD-000011,2026-05-25,Ian Malcolm,ian.m@example.com,Dell XPS 15,Electronics,Asia Pacific,3,1899.00,20.0,4557.60,Completed
ORD-000012,2026-07-24,Fiona Gallagher,fiona.g@example.com,Team Workspace Cloud Storage (1TB),Software & Cloud,North America,2,120.00,0.0,240.00,Completed
ORD-000013,2026-04-08,Hannah Abbott,hannah.a@example.com,Logitech MX Master 3S,Electronics,Asia Pacific,2,99.00,0.0,198.00,Refunded
ORD-000014,2026-09-06,Julia Roberts,julia.r@example.com,Gel Pen Set (12-pack),Office Supplies,Middle East,2,14.50,0.0,29.00,Completed
ORD-ERR-000015,INVALID_DATE_FORMAT,Bad Record User,bad@test,Corrupted Item,ErrorCategory,Nowhere,-5,N/A,0,0,Completed
ORD-000016,2026-07-19,Charlie Zhang,charlie.z@example.com,Cable Management Kit,Office Supplies,Middle East,1,19.99,0.0,19.99,Completed
ORD-000017,2026-08-22,Charlie Zhang,charlie.z@example.com,SalesPulse Enterprise Annual License,Software & Cloud,Asia Pacific,5,1200.00,0.0,6000.00,Completed
ORD-000018,2026-09-20,Julia Roberts,julia.r@example.com,Dell XPS 15,Electronics,Middle East,1,1899.00,20.0,1519.20,Refunded
ORD-000019,2026-04-16,Evan Hughes,evan.h@example.com,Under-desk Footrest,Furniture,Latin America,3,35.00,0.0,105.00,Completed
ORD-000020,2026-04-17,Evan Hughes,evan.h@example.com,Dry Erase Magnetic Whiteboard,Office Supplies,Europe,10,89.00,5.0,845.50,Refunded
ORD-000021,2026-07-26,Fiona Gallagher,fiona.g@example.com,API Gateway Developer Pass,Software & Cloud,Asia Pacific,1,299.00,0.0,299.00,Completed
ORD-000022,2026-08-01,Bob Martinez,bob.m@example.com,Dual Monitor Arm Mount,Furniture,Middle East,2,75.00,0.0,150.00,Completed
ORD-000023,2026-06-24,Diana Prince,diana.p@example.com,Gel Pen Set (12-pack),Office Supplies,North America,1,14.50,0.0,14.50,Completed
ORD-000024,2026-09-02,Hannah Abbott,hannah.a@example.com,Under-desk Footrest,Furniture,Europe,3,35.00,5.0,99.75,Pending
ORD-000025,2026-07-16,Fiona Gallagher,fiona.g@example.com,Team Workspace Cloud Storage (1TB),Software & Cloud,Middle East,2,120.00,20.0,192.00,Refunded
ORD-000026,2026-07-14,Fiona Gallagher,fiona.g@example.com,Dual Monitor Arm Mount,Furniture,Europe,1,75.00,5.0,71.25,Pending
ORD-000027,2026-05-16,Ian Malcolm,ian.m@example.com,Apple iPad Air M2,Electronics,Latin America,1,599.00,15.0,509.15,Completed
ORD-000028,2026-04-13,Diana Prince,diana.p@example.com,Ergonomic Mesh Chair,Furniture,Middle East,4,350.00,0.0,1400.00,Completed
ORD-000029,2026-05-05,Hannah Abbott,hannah.a@example.com,Heavy-Duty Desktop Stapler,Office Supplies,Europe,3,18.00,0.0,54.00,Pending
ORD-000030,2026-03-28,Alice Walker,alice.w@example.com,API Gateway Developer Pass,Software & Cloud,Europe,3,299.00,15.0,762.45,Pending
ORD-000031,2026-06-26,George Clark,george.c@example.com,Sony WH-1000XM5 Headphones,Electronics,North America,1,399.00,5.0,379.05,Completed
ORD-000032,2026-04-09,Alice Walker,alice.w@example.com,Security Audit Suite Pro,Software & Cloud,Middle East,2,450.00,0.0,900.00,Completed
ORD-000033,2026-08-09,Alice Walker,alice.w@example.com,Ergonomic Mesh Chair,Furniture,Middle East,1,350.00,0.0,350.00,Completed
ORD-000034,2026-04-07,Evan Hughes,evan.h@example.com,Team Workspace Cloud Storage (1TB),Software & Cloud,Asia Pacific,3,120.00,0.0,360.00,Completed
ORD-000035,2026-08-01,Fiona Gallagher,fiona.g@example.com,Ergonomic Mesh Chair,Furniture,Middle East,1,350.00,15.0,297.50,Completed
ORD-000036,2026-07-18,Fiona Gallagher,fiona.g@example.com,Dell XPS 15,Electronics,Asia Pacific,2,1899.00,0.0,3798.00,Completed
ORD-000037,2026-08-09,Alice Walker,alice.w@example.com,Premium Hardcover Notebooks (Pack of 3),Office Supplies,Middle East,2,24.99,0.0,49.98,Completed
ORD-000038,2026-04-03,Hannah Abbott,hannah.a@example.com,Electric Standing Desk 60x30,Furniture,Europe,1,580.00,0.0,580.00,Completed
ORD-000039,2026-09-21,George Clark,george.c@example.com,Gel Pen Set (12-pack),Office Supplies,Europe,2,14.50,0.0,29.00,Completed
ORD-000040,2026-07-10,Evan Hughes,evan.h@example.com,Under-desk Footrest,Furniture,Middle East,1,35.00,0.0,35.00,Completed
ORD-000041,2026-08-26,Evan Hughes,evan.h@example.com,Premium Hardcover Notebooks (Pack of 3),Office Supplies,Europe,2,24.99,15.0,42.48,Refunded
ORD-000042,2026-07-10,Ian Malcolm,ian.m@example.com,Premium Hardcover Notebooks (Pack of 3),Office Supplies,Europe,1,24.99,0.0,24.99,Completed
ORD-000043,2026-09-16,Evan Hughes,evan.h@example.com,Sony WH-1000XM5 Headphones,Electronics,Europe,1,399.00,10.0,359.10,Completed
ORD-000044,2026-04-30,Hannah Abbott,hannah.a@example.com,Team Workspace Cloud Storage (1TB),Software & Cloud,North America,2,120.00,15.0,204.00,Completed
ORD-000045,2026-06-02,Julia Roberts,julia.r@example.com,Dell XPS 15,Electronics,Europe,3,1899.00,5.0,5412.15,Pending
ORD-000046,2026-04-19,Charlie Zhang,charlie.z@example.com,Ergonomic Mesh Chair,Furniture,Asia Pacific,1,350.00,0.0,350.00,Completed
ORD-000047,2026-09-03,Evan Hughes,evan.h@example.com,Premium Hardcover Notebooks (Pack of 3),Office Supplies,Middle East,3,24.99,0.0,74.97,Completed
ORD-000048,2026-03-29,Fiona Gallagher,fiona.g@example.com,Heavy-Duty Desktop Stapler,Office Supplies,North America,1,18.00,0.0,18.00,Refunded
ORD-000049,2026-08-12,Fiona Gallagher,fiona.g@example.com,Apple iPad Air M2,Electronics,Latin America,1,599.00,0.0,599.00,Refunded
ORD-000050,2026-04-11,Fiona Gallagher,fiona.g@example.com,Ergonomic Mesh Chair,Furniture,North America,3,350.00,0.0,1050.00,Completed
ORD-000051,2026-07-20,Ian Malcolm,ian.m@example.com,Apple iPad Air M2,Electronics,Europe,4,599.00,5.0,2276.20,Pending
ORD-000052,2026-07-21,Diana Prince,diana.p@example.com,Dual Monitor Arm Mount,Furniture,Latin America,3,75.00,20.0,180.00,Completed
ORD-000053,2026-04-27,Fiona Gallagher,fiona.g@example.com,Sony WH-1000XM5 Headphones,Electronics,Europe,1,399.00,0.0,399.00,Completed
ORD-000054,2026-05-04,Evan Hughes,evan.h@example.com,Samsung 4K 32-inch Monitor,Electronics,Asia Pacific,2,499.00,0.0,998.00,Completed
ORD-000055,2026-08-28,Julia Roberts,julia.r@example.com,Premium Hardcover Notebooks (Pack of 3),Office Supplies,North America,4,24.99,20.0,79.97,Refunded
ORD-000056,2026-04-14,Hannah Abbott,hannah.a@example.com,Under-desk Footrest,Furniture,Europe,1,35.00,5.0,33.25,Completed
ORD-000057,2026-05-02,Evan Hughes,evan.h@example.com,Dual Monitor Arm Mount,Furniture,Europe,1,75.00,20.0,60.00,Refunded
ORD-000058,2026-05-21,Alice Walker,alice.w@example.com,Apple iPad Air M2,Electronics,Latin America,1,599.00,0.0,599.00,Completed
ORD-000059,2026-08-19,Diana Prince,diana.p@example.com,SalesPulse Enterprise Annual License,Software & Cloud,Middle East,2,1200.00,0.0,2400.00,Pending
ORD-000060,2026-04-04,Julia Roberts,julia.r@example.com,Security Audit Suite Pro,Software & Cloud,Middle East,1,450.00,0.0,450.00,Completed
ORD-000061,2026-04-06,Hannah Abbott,hannah.a@example.com,Samsung 4K 32-inch Monitor,Electronics,Middle East,1,499.00,0.0,499.00,Completed
ORD-000062,2026-08-16,George Clark,george.c@example.com,API Gateway Developer Pass,Software & Cloud,Middle East,3,299.00,0.0,897.00,Completed
ORD-000063,2026-04-10,Diana Prince,diana.p@example.com,MacBook Pro 16,Electronics,Middle East,1,2499.00,15.0,2124.15,Completed
ORD-000064,2026-07-15,Fiona Gallagher,fiona.g@example.com,Ergonomic Mesh Chair,Furniture,Middle East,1,350.00,0.0,350.00,Completed
ORD-000065,2026-07-05,Diana Prince,diana.p@example.com,Team Workspace Cloud Storage (1TB),Software & Cloud,Europe,1,120.00,0.0,120.00,Pending
ORD-000066,2026-03-31,Charlie Zhang,charlie.z@example.com,MacBook Pro 16,Electronics,Middle East,1,2499.00,10.0,2249.10,Refunded
ORD-000067,2026-05-30,Fiona Gallagher,fiona.g@example.com,Sony WH-1000XM5 Headphones,Electronics,Europe,10,399.00,0.0,3990.00,Completed
ORD-000068,2026-04-14,Evan Hughes,evan.h@example.com,Under-desk Footrest,Furniture,North America,2,35.00,0.0,70.00,Pending
ORD-000069,2026-08-08,Charlie Zhang,charlie.z@example.com,Cable Management Kit,Office Supplies,Latin America,3,19.99,0.0,59.97,Completed
ORD-000070,2026-07-06,Evan Hughes,evan.h@example.com,Cable Management Kit,Office Supplies,Europe,3,19.99,0.0,59.97,Refunded
ORD-000071,2026-07-04,Bob Martinez,bob.m@example.com,Dual Monitor Arm Mount,Furniture,Europe,2,75.00,0.0,150.00,Refunded
ORD-000072,2026-03-28,Diana Prince,diana.p@example.com,MacBook Pro 16,Electronics,Latin America,3,2499.00,0.0,7497.00,Refunded
ORD-000073,2026-07-31,Fiona Gallagher,fiona.g@example.com,Gel Pen Set (12-pack),Office Supplies,Asia Pacific,1,14.50,0.0,14.50,Refunded
ORD-000074,2026-09-06,Charlie Zhang,charlie.z@example.com,Premium Hardcover Notebooks (Pack of 3),Office Supplies,Middle East,1,24.99,5.0,23.74,Refunded
ORD-000075,2026-07-14,Hannah Abbott,hannah.a@example.com,Dry Erase Magnetic Whiteboard,Office Supplies,Latin America,1,89.00,0.0,89.00,Completed
ORD-000076,2026-08-17,Julia Roberts,julia.r@example.com,API Gateway Developer Pass,Software & Cloud,Latin America,4,299.00,0.0,1196.00,Completed
ORD-000077,2026-09-23,Julia Roberts,julia.r@example.com,Sony WH-1000XM5 Headphones,Electronics,North America,2,399.00,10.0,718.20,Completed
ORD-000078,2026-06-16,Hannah Abbott,hannah.a@example.com,Heavy-Duty Desktop Stapler,Office Supplies,North America,1,18.00,0.0,18.00,Pending
ORD-000079,2026-09-04,Evan Hughes,evan.h@example.com,Under-desk Footrest,Furniture,Asia Pacific,3,35.00,20.0,84.00,Pending
ORD-000080,2026-06-05,Julia Roberts,julia.r@example.com,Under-desk Footrest,Furniture,Middle East,3,35.00,5.0,99.75,Completed
ORD-000081,2026-05-19,Hannah Abbott,hannah.a@example.com,Electric Standing Desk 60x30,Furniture,North America,4,580.00,0.0,2320.00,Pending
ORD-000082,2026-05-05,Julia Roberts,julia.r@example.com,LED Desk Lamp with Wireless Charger,Furniture,North America,2,45.00,5.0,85.50,Completed
ORD-000083,2026-05-12,Fiona Gallagher,fiona.g@example.com,Dell XPS 15,Electronics,Europe,2,1899.00,0.0,3798.00,Completed
ORD-000084,2026-09-24,Evan Hughes,evan.h@example.com,Premium Hardcover Notebooks (Pack of 3),Office Supplies,Asia Pacific,3,24.99,20.0,59.98,Completed
ORD-000085,2026-07-07,Bob Martinez,bob.m@example.com,Under-desk Footrest,Furniture,Europe,1,35.00,20.0,28.00,Completed
ORD-000086,2026-07-21,Julia Roberts,julia.r@example.com,Logitech MX Master 3S,Electronics,Latin America,3,99.00,15.0,252.45,Completed
ORD-000087,2026-07-28,Bob Martinez,bob.m@example.com,Apple iPad Air M2,Electronics,Europe,1,599.00,0.0,599.00,Completed
ORD-000088,2026-05-04,Hannah Abbott,hannah.a@example.com,Dual Monitor Arm Mount,Furniture,Asia Pacific,3,75.00,5.0,213.75,Completed
ORD-000089,2026-08-10,Evan Hughes,evan.h@example.com,Electric Standing Desk 60x30,Furniture,Middle East,3,580.00,0.0,1740.00,Completed
ORD-000090,2026-04-19,Fiona Gallagher,fiona.g@example.com,Team Workspace Cloud Storage (1TB),Software & Cloud,Middle East,2,120.00,5.0,228.00,Completed
ORD-000091,2026-07-30,Hannah Abbott,hannah.a@example.com,Security Audit Suite Pro,Software & Cloud,Middle East,2,450.00,0.0,900.00,Completed
ORD-000092,2026-09-24,Bob Martinez,bob.m@example.com,Ergonomic Mesh Chair,Furniture,Europe,1,350.00,0.0,350.00,Completed
ORD-000093,2026-09-10,Diana Prince,diana.p@example.com,Dry Erase Magnetic Whiteboard,Office Supplies,Middle East,2,89.00,10.0,160.20,Completed
ORD-000094,2026-08-24,Alice Walker,alice.w@example.com,Sony WH-1000XM5 Headphones,Electronics,Europe,1,399.00,0.0,399.00,Completed
ORD-000095,2026-05-18,Bob Martinez,bob.m@example.com,Dual Monitor Arm Mount,Furniture,Latin America,1,75.00,0.0,75.00,Completed
ORD-000096,2026-05-15,Julia Roberts,julia.r@example.com,Dell XPS 15,Electronics,Middle East,10,1899.00,0.0,18990.00,Pending
ORD-000097,2026-04-28,Evan Hughes,evan.h@example.com,MacBook Pro 16,Electronics,Latin America,1,2499.00,20.0,1999.20,Completed
ORD-000098,2026-07-27,Hannah Abbott,hannah.a@example.com,Sony WH-1000XM5 Headphones,Electronics,Europe,1,399.00,0.0,399.00,Completed
ORD-000099,2026-06-19,George Clark,george.c@example.com,Sony WH-1000XM5 Headphones,Electronics,Europe,3,399.00,0.0,1197.00,Completed
ORD-000100,2026-06-30,Charlie Zhang,charlie.z@example.com,Dry Erase Magnetic Whiteboard,Office Supplies,North America,1,89.00,15.0,75.65,Refunded
ORD-000101,2026-09-16,Diana Prince,diana.p@example.com,Gel Pen Set (12-pack),Office Supplies,North America,1,14.50,5.0,13.77,Completed
ORD-000102,2026-04-21,Fiona Gallagher,fiona.g@example.com,Security Audit Suite Pro,Software & Cloud,Middle East,1,450.00,0.0,450.00,Completed
ORD-000103,2026-07-22,Alice Walker,alice.w@example.com,Electric Standing Desk 60x30,Furniture,Middle East,4,580.00,20.0,1856.00,Completed
ORD-000104,2026-07-09,Hannah Abbott,hannah.a@example.com,Security Audit Suite Pro,Software & Cloud,Europe,1,450.00,0.0,450.00,Completed
ORD-000105,2026-05-23,Ian Malcolm,ian.m@example.com,Cable Management Kit,Office Supplies,Latin America,2,19.99,0.0,39.98,Completed
ORD-000106,2026-08-10,Evan Hughes,evan.h@example.com,Dry Erase Magnetic Whiteboard,Office Supplies,North America,1,89.00,0.0,89.00,Refunded
ORD-000107,2026-08-22,Evan Hughes,evan.h@example.com,Gel Pen Set (12-pack),Office Supplies,Asia Pacific,1,14.50,0.0,14.50,Pending
ORD-000108,2026-09-07,Fiona Gallagher,fiona.g@example.com,Premium Hardcover Notebooks (Pack of 3),Office Supplies,Asia Pacific,1,24.99,15.0,21.24,Completed
ORD-000109,2026-08-30,Charlie Zhang,charlie.z@example.com,Dual Monitor Arm Mount,Furniture,Middle East,1,75.00,0.0,75.00,Completed
ORD-000110,2026-04-09,Julia Roberts,julia.r@example.com,Security Audit Suite Pro,Software & Cloud,Europe,4,450.00,0.0,1800.00,Completed
ORD-000111,2026-08-02,Ian Malcolm,ian.m@example.com,Team Workspace Cloud Storage (1TB),Software & Cloud,North America,1,120.00,0.0,120.00,Completed
ORD-000112,2026-04-21,Fiona Gallagher,fiona.g@example.com,MacBook Pro 16,Electronics,Europe,4,2499.00,15.0,8496.60,Completed
ORD-000113,2026-09-21,Diana Prince,diana.p@example.com,API Gateway Developer Pass,Software & Cloud,North America,1,299.00,0.0,299.00,Refunded
ORD-000114,2026-06-29,Ian Malcolm,ian.m@example.com,SalesPulse Enterprise Annual License,Software & Cloud,Europe,2,1200.00,0.0,2400.00,Completed
ORD-000115,2026-06-02,Ian Malcolm,ian.m@example.com,Heavy-Duty Desktop Stapler,Office Supplies,Europe,2,18.00,5.0,34.20,Completed
ORD-000116,2026-05-30,Bob Martinez,bob.m@example.com,Dual Monitor Arm Mount,Furniture,Middle East,4,75.00,0.0,300.00,Refunded
ORD-000117,2026-09-03,Diana Prince,diana.p@example.com,Under-desk Footrest,Furniture,Middle East,1,35.00,0.0,35.00,Completed
ORD-000118,2026-05-21,Evan Hughes,evan.h@example.com,Under-desk Footrest,Furniture,Latin America,2,35.00,0.0,70.00,Completed
ORD-000119,2026-03-31,Julia Roberts,julia.r@example.com,Heavy-Duty Desktop Stapler,Office Supplies,Asia Pacific,3,18.00,0.0,54.00,Completed
ORD-000120,2026-09-12,Evan Hughes,evan.h@example.com,API Gateway Developer Pass,Software & Cloud,Asia Pacific,3,299.00,0.0,897.00,Refunded
ORD-000121,2026-05-12,Bob Martinez,bob.m@example.com,Ergonomic Mesh Chair,Furniture,Middle East,1,350.00,10.0,315.00,Completed
ORD-000122,2026-09-13,Julia Roberts,julia.r@example.com,Heavy-Duty Desktop Stapler,Office Supplies,Europe,1,18.00,0.0,18.00,Completed
ORD-000123,2026-07-04,Julia Roberts,julia.r@example.com,Cable Management Kit,Office Supplies,Europe,3,19.99,0.0,59.97,Completed
ORD-000124,2026-06-26,Ian Malcolm,ian.m@example.com,Dell XPS 15,Electronics,Asia Pacific,2,1899.00,0.0,3798.00,Refunded
ORD-000125,2026-05-30,Evan Hughes,evan.h@example.com,Team Workspace Cloud Storage (1TB),Software & Cloud,Europe,1,120.00,10.0,108.00,Refunded
ORD-000126,2026-04-12,Evan Hughes,evan.h@example.com,Team Workspace Cloud Storage (1TB),Software & Cloud,Europe,2,120.00,0.0,240.00,Completed
ORD-000127,2026-07-21,Evan Hughes,evan.h@example.com,Electric Standing Desk 60x30,Furniture,Asia Pacific,1,580.00,0.0,580.00,Completed
ORD-000128,2026-09-15,Charlie Zhang,charlie.z@example.com,Apple iPad Air M2,Electronics,Europe,5,599.00,0.0,2995.00,Pending
ORD-000129,2026-04-19,Hannah Abbott,hannah.a@example.com,Under-desk Footrest,Furniture,Europe,4,35.00,10.0,126.00,Completed
ORD-000130,2026-04-10,Evan Hughes,evan.h@example.com,Samsung 4K 32-inch Monitor,Electronics,Latin America,2,499.00,5.0,948.10,Completed
ORD-000131,2026-07-19,Ian Malcolm,ian.m@example.com,Apple iPad Air M2,Electronics,North America,2,599.00,0.0,1198.00,Completed
ORD-000132,2026-08-30,Alice Walker,alice.w@example.com,Electric Standing Desk 60x30,Furniture,Middle East,3,580.00,15.0,1479.00,Completed
ORD-000133,2026-04-02,Diana Prince,diana.p@example.com,Ergonomic Mesh Chair,Furniture,North America,1,350.00,0.0,350.00,Pending
ORD-000134,2026-09-11,Bob Martinez,bob.m@example.com,API Gateway Developer Pass,Software & Cloud,Europe,1,299.00,5.0,284.05,Completed
ORD-000135,2026-04-28,Charlie Zhang,charlie.z@example.com,Team Workspace Cloud Storage (1TB),Software & Cloud,Europe,1,120.00,15.0,102.00,Completed
ORD-000136,2026-08-23,Evan Hughes,evan.h@example.com,Dry Erase Magnetic Whiteboard,Office Supplies,Asia Pacific,1,89.00,0.0,89.00,Pending
ORD-000137,2026-04-25,Alice Walker,alice.w@example.com,Under-desk Footrest,Furniture,North America,2,35.00,0.0,70.00,Completed
ORD-000138,2026-05-24,Alice Walker,alice.w@example.com,Ergonomic Mesh Chair,Furniture,Middle East,1,350.00,10.0,315.00,Refunded
ORD-000139,2026-07-21,Bob Martinez,bob.m@example.com,Dell XPS 15,Electronics,North America,2,1899.00,10.0,3418.20,Completed
ORD-000140,2026-06-10,Charlie Zhang,charlie.z@example.com,MacBook Pro 16,Electronics,Asia Pacific,1,2499.00,10.0,2249.10,Pending
ORD-000141,2026-05-27,Evan Hughes,evan.h@example.com,Gel Pen Set (12-pack),Office Supplies,Middle East,1,14.50,0.0,14.50,Refunded
ORD-ERR-000142,INVALID_DATE_FORMAT,Bad Record User,bad@test,Corrupted Item,ErrorCategory,Nowhere,-5,N/A,0,0,Completed
ORD-000143,2026-06-04,Hannah Abbott,hannah.a@example.com,Cable Management Kit,Office Supplies,Middle East,2,19.99,5.0,37.98,Completed
ORD-000144,2026-06-30,Evan Hughes,evan.h@example.com,Security Audit Suite Pro,Software & Cloud,North America,1,450.00,10.0,405.00,Completed
ORD-000145,2026-09-11,Charlie Zhang,charlie.z@example.com,Ergonomic Mesh Chair,Furniture,Europe,2,350.00,20.0,560.00,Completed
ORD-000146,2026-07-24,Hannah Abbott,hannah.a@example.com,Logitech MX Master 3S,Electronics,Latin America,3,99.00,0.0,297.00,Completed
ORD-000147,2026-05-31,Julia Roberts,julia.r@example.com,Cable Management Kit,Office Supplies,Europe,1,19.99,0.0,19.99,Completed
ORD-000148,2026-05-18,Ian Malcolm,ian.m@example.com,Team Workspace Cloud Storage (1TB),Software & Cloud,Asia Pacific,2,120.00,0.0,240.00,Pending
ORD-000149,2026-06-18,Julia Roberts,julia.r@example.com,Cable Management Kit,Office Supplies,Middle East,2,19.99,15.0,33.98,Completed
ORD-000150,2026-08-26,Bob Martinez,bob.m@example.com,Apple iPad Air M2,Electronics,Middle East,2,599.00,5.0,1138.10,Completed
ORD-000151,2026-07-12,Charlie Zhang,charlie.z@example.com,Dry Erase Magnetic Whiteboard,Office Supplies,North America,1,89.00,0.0,89.00,Completed
ORD-000152,2026-09-21,Alice Walker,alice.w@example.com,Team Workspace Cloud Storage (1TB),Software & Cloud,Middle East,1,120.00,15.0,102.00,Completed
ORD-000153,2026-07-26,George Clark,george.c@example.com,SalesPulse Enterprise Annual License,Software & Cloud,Middle East,1,1200.00,10.0,1080.00,Completed
ORD-000154,2026-08-17,Alice Walker,alice.w@example.com,Ergonomic Mesh Chair,Furniture,North America,1,350.00,10.0,315.00,Completed
ORD-000155,2026-08-27,Diana Prince,diana.p@example.com,Electric Standing Desk 60x30,Furniture,North America,1,580.00,0.0,580.00,Completed
ORD-000156,2026-09-17,Charlie Zhang,charlie.z@example.com,Sony WH-1000XM5 Headphones,Electronics,Europe,1,399.00,5.0,379.05,Completed
ORD-000157,2026-04-25,Fiona Gallagher,fiona.g@example.com,Security Audit Suite Pro,Software & Cloud,Europe,3,450.00,0.0,1350.00,Refunded
ORD-000158,2026-09-16,Hannah Abbott,hannah.a@example.com,SalesPulse Enterprise Annual License,Software & Cloud,Middle East,3,1200.00,0.0,3600.00,Completed
ORD-000159,2026-09-07,Hannah Abbott,hannah.a@example.com,Security Audit Suite Pro,Software & Cloud,Europe,10,450.00,0.0,4500.00,Pending
ORD-000160,2026-04-26,Ian Malcolm,ian.m@example.com,Security Audit Suite Pro,Software & Cloud,Middle East,2,450.00,0.0,900.00,Completed
ORD-000161,2026-07-14,Ian Malcolm,ian.m@example.com,Logitech MX Master 3S,Electronics,Latin America,1,99.00,0.0,99.00,Refunded
ORD-000162,2026-07-17,Diana Prince,diana.p@example.com,Sony WH-1000XM5 Headphones,Electronics,Middle East,1,399.00,0.0,399.00,Completed
ORD-000163,2026-04-10,Hannah Abbott,hannah.a@example.com,Ergonomic Mesh Chair,Furniture,Europe,1,350.00,0.0,350.00,Completed
ORD-000164,2026-05-14,Ian Malcolm,ian.m@example.com,Samsung 4K 32-inch Monitor,Electronics,Middle East,3,499.00,0.0,1497.00,Completed
ORD-000165,2026-07-31,Alice Walker,alice.w@example.com,Security Audit Suite Pro,Software & Cloud,Latin America,3,450.00,0.0,1350.00,Completed
ORD-000166,2026-05-26,Evan Hughes,evan.h@example.com,Dry Erase Magnetic Whiteboard,Office Supplies,Middle East,1,89.00,0.0,89.00,Refunded
ORD-000167,2026-09-11,Bob Martinez,bob.m@example.com,Heavy-Duty Desktop Stapler,Office Supplies,Latin America,1,18.00,0.0,18.00,Completed
ORD-000168,2026-04-26,Diana Prince,diana.p@example.com,LED Desk Lamp with Wireless Charger,Furniture,Middle East,2,45.00,0.0,90.00,Completed
ORD-000169,2026-08-26,Julia Roberts,julia.r@example.com,Logitech MX Master 3S,Electronics,Latin America,4,99.00,10.0,356.40,Completed
ORD-000170,2026-06-26,George Clark,george.c@example.com,Gel Pen Set (12-pack),Office Supplies,Asia Pacific,1,14.50,0.0,14.50,Refunded
ORD-000171,2026-06-13,George Clark,george.c@example.com,Logitech MX Master 3S,Electronics,Asia Pacific,3,99.00,0.0,297.00,Pending
ORD-000172,2026-08-03,Hannah Abbott,hannah.a@example.com,Logitech MX Master 3S,Electronics,North America,1,99.00,0.0,99.00,Refunded
ORD-000173,2026-09-02,Bob Martinez,bob.m@example.com,Heavy-Duty Desktop Stapler,Office Supplies,Latin America,2,18.00,0.0,36.00,Completed
ORD-000174,2026-08-28,Charlie Zhang,charlie.z@example.com,Dry Erase Magnetic Whiteboard,Office Supplies,Middle East,4,89.00,10.0,320.40,Completed
ORD-000175,2026-07-23,Charlie Zhang,charlie.z@example.com,Electric Standing Desk 60x30,Furniture,North America,2,580.00,10.0,1044.00,Completed
ORD-000176,2026-07-20,Bob Martinez,bob.m@example.com,Cable Management Kit,Office Supplies,Middle East,1,19.99,0.0,19.99,Completed
ORD-000177,2026-07-06,Julia Roberts,julia.r@example.com,Samsung 4K 32-inch Monitor,Electronics,Europe,2,499.00,0.0,998.00,Refunded
ORD-000178,2026-05-12,Alice Walker,alice.w@example.com,Ergonomic Mesh Chair,Furniture,Asia Pacific,1,350.00,5.0,332.50,Completed
ORD-000179,2026-05-18,Julia Roberts,julia.r@example.com,MacBook Pro 16,Electronics,Asia Pacific,3,2499.00,0.0,7497.00,Refunded
ORD-000180,2026-04-11,Fiona Gallagher,fiona.g@example.com,Logitech MX Master 3S,Electronics,Asia Pacific,1,99.00,0.0,99.00,Completed
ORD-000181,2026-06-22,Julia Roberts,julia.r@example.com,Sony WH-1000XM5 Headphones,Electronics,North America,1,399.00,0.0,399.00,Pending
ORD-000182,2026-07-26,Diana Prince,diana.p@example.com,Apple iPad Air M2,Electronics,Asia Pacific,1,599.00,5.0,569.05,Completed
ORD-000183,2026-09-09,Alice Walker,alice.w@example.com,Apple iPad Air M2,Electronics,Europe,1,599.00,20.0,479.20,Completed
ORD-000184,2026-04-04,Bob Martinez,bob.m@example.com,Heavy-Duty Desktop Stapler,Office Supplies,Latin America,2,18.00,0.0,36.00,Completed
ORD-000185,2026-04-01,Diana Prince,diana.p@example.com,API Gateway Developer Pass,Software & Cloud,Latin America,2,299.00,0.0,598.00,Completed
ORD-000186,2026-05-02,Diana Prince,diana.p@example.com,Sony WH-1000XM5 Headphones,Electronics,Latin America,2,399.00,0.0,798.00,Pending
ORD-000187,2026-07-16,Ian Malcolm,ian.m@example.com,Team Workspace Cloud Storage (1TB),Software & Cloud,Latin America,3,120.00,10.0,324.00,Refunded
ORD-000188,2026-09-15,Evan Hughes,evan.h@example.com,Security Audit Suite Pro,Software & Cloud,Asia Pacific,2,450.00,15.0,765.00,Completed
ORD-000189,2026-07-09,Fiona Gallagher,fiona.g@example.com,Sony WH-1000XM5 Headphones,Electronics,North America,2,399.00,0.0,798.00,Pending
ORD-000190,2026-08-11,Charlie Zhang,charlie.z@example.com,Samsung 4K 32-inch Monitor,Electronics,Middle East,1,499.00,5.0,474.05,Completed
ORD-000191,2026-07-22,Charlie Zhang,charlie.z@example.com,Dual Monitor Arm Mount,Furniture,Latin America,1,75.00,0.0,75.00,Refunded
ORD-000192,2026-05-10,Evan Hughes,evan.h@example.com,Electric Standing Desk 60x30,Furniture,Latin America,3,580.00,0.0,1740.00,Completed
ORD-000193,2026-08-29,Charlie Zhang,charlie.z@example.com,Premium Hardcover Notebooks (Pack of 3),Office Supplies,North America,2,24.99,0.0,49.98,Refunded
ORD-000194,2026-05-19,Fiona Gallagher,fiona.g@example.com,Logitech MX Master 3S,Electronics,North America,2,99.00,20.0,158.40,Completed
ORD-000195,2026-07-05,Julia Roberts,julia.r@example.com,Apple iPad Air M2,Electronics,North America,2,599.00,0.0,1198.00,Completed
ORD-000196,2026-06-02,Diana Prince,diana.p@example.com,Ergonomic Mesh Chair,Furniture,North America,1,350.00,5.0,332.50,Pending
ORD-000197,2026-04-25,Hannah Abbott,hannah.a@example.com,Logitech MX Master 3S,Electronics,Europe,2,99.00,0.0,198.00,Completed
ORD-000198,2026-06-09,Bob Martinez,bob.m@example.com,Sony WH-1000XM5 Headphones,Electronics,Europe,1,399.00,0.0,399.00,Completed
ORD-000199,2026-09-14,Hannah Abbott,hannah.a@example.com,Dell XPS 15,Electronics,Latin America,1,1899.00,5.0,1804.05,Completed
ORD-000200,2026-09-09,Evan Hughes,evan.h@example.com,SalesPulse Enterprise Annual License,Software & Cloud,Middle East,1,1200.00,0.0,1200.00,Pending
ORD-000201,2026-09-07,Julia Roberts,julia.r@example.com,Premium Hardcover Notebooks (Pack of 3),Office Supplies,North America,1,24.99,0.0,24.99,Pending
ORD-000202,2026-05-17,Diana Prince,diana.p@example.com,Security Audit Suite Pro,Software & Cloud,Middle East,2,450.00,0.0,900.00,Refunded
ORD-000203,2026-05-11,Evan Hughes,evan.h@example.com,Apple iPad Air M2,Electronics,Europe,1,599.00,15.0,509.15,Completed
ORD-000204,2026-08-11,George Clark,george.c@example.com,Heavy-Duty Desktop Stapler,Office Supplies,Europe,3,18.00,0.0,54.00,Refunded
ORD-000205,2026-06-05,Hannah Abbott,hannah.a@example.com,Gel Pen Set (12-pack),Office Supplies,Middle East,1,14.50,10.0,13.05,Refunded
ORD-000206,2026-05-30,Diana Prince,diana.p@example.com,Dual Monitor Arm Mount,Furniture,Middle East,1,75.00,0.0,75.00,Completed
ORD-000207,2026-09-14,George Clark,george.c@example.com,Heavy-Duty Desktop Stapler,Office Supplies,Asia Pacific,1,18.00,5.0,17.10,Pending
ORD-000208,2026-08-31,Charlie Zhang,charlie.z@example.com,Dry Erase Magnetic Whiteboard,Office Supplies,Asia Pacific,1,89.00,0.0,89.00,Completed
ORD-000209,2026-04-01,Hannah Abbott,hannah.a@example.com,API Gateway Developer Pass,Software & Cloud,Asia Pacific,1,299.00,15.0,254.15,Completed
ORD-000210,2026-06-28,Alice Walker,alice.w@example.com,Electric Standing Desk 60x30,Furniture,Middle East,1,580.00,0.0,580.00,Completed
ORD-000211,2026-04-01,George Clark,george.c@example.com,Apple iPad Air M2,Electronics,Latin America,1,599.00,0.0,599.00,Completed
ORD-000212,2026-08-10,George Clark,george.c@example.com,Gel Pen Set (12-pack),Office Supplies,Europe,2,14.50,20.0,23.20,Pending
ORD-000213,2026-08-02,Hannah Abbott,hannah.a@example.com,Heavy-Duty Desktop Stapler,Office Supplies,Asia Pacific,2,18.00,0.0,36.00,Completed
ORD-000214,2026-04-20,Bob Martinez,bob.m@example.com,Ergonomic Mesh Chair,Furniture,North America,3,350.00,0.0,1050.00,Pending
ORD-000215,2026-05-17,Bob Martinez,bob.m@example.com,Cable Management Kit,Office Supplies,Europe,1,19.99,0.0,19.99,Completed
ORD-000216,2026-08-11,Julia Roberts,julia.r@example.com,Ergonomic Mesh Chair,Furniture,Asia Pacific,2,350.00,0.0,700.00,Completed
ORD-000217,2026-03-29,Alice Walker,alice.w@example.com,Samsung 4K 32-inch Monitor,Electronics,Middle East,1,499.00,0.0,499.00,Completed
ORD-000218,2026-04-10,Hannah Abbott,hannah.a@example.com,Heavy-Duty Desktop Stapler,Office Supplies,Latin America,2,18.00,5.0,34.20,Completed
ORD-000219,2026-08-24,Diana Prince,diana.p@example.com,LED Desk Lamp with Wireless Charger,Furniture,North America,1,45.00,0.0,45.00,Completed
ORD-000220,2026-05-18,Julia Roberts,julia.r@example.com,Security Audit Suite Pro,Software & Cloud,Asia Pacific,1,450.00,5.0,427.50,Completed
ORD-000221,2026-09-19,Julia Roberts,julia.r@example.com,Dry Erase Magnetic Whiteboard,Office Supplies,Europe,1,89.00,0.0,89.00,Completed
ORD-000222,2026-08-12,Ian Malcolm,ian.m@example.com,SalesPulse Enterprise Annual License,Software & Cloud,Asia Pacific,3,1200.00,0.0,3600.00,Completed
ORD-000223,2026-07-10,Ian Malcolm,ian.m@example.com,API Gateway Developer Pass,Software & Cloud,Europe,1,299.00,10.0,269.10,Refunded
ORD-000224,2026-09-02,Charlie Zhang,charlie.z@example.com,LED Desk Lamp with Wireless Charger,Furniture,North America,1,45.00,20.0,36.00,Completed
ORD-000225,2026-09-20,Ian Malcolm,ian.m@example.com,Ergonomic Mesh Chair,Furniture,Middle East,3,350.00,0.0,1050.00,Pending
ORD-000226,2026-07-19,Evan Hughes,evan.h@example.com,Heavy-Duty Desktop Stapler,Office Supplies,Latin America,10,18.00,0.0,180.00,Refunded
ORD-000227,2026-05-16,Hannah Abbott,hannah.a@example.com,Team Workspace Cloud Storage (1TB),Software & Cloud,Latin America,1,120.00,0.0,120.00,Completed
ORD-000228,2026-05-11,Evan Hughes,evan.h@example.com,Samsung 4K 32-inch Monitor,Electronics,North America,3,499.00,10.0,1347.30,Completed
ORD-000229,2026-09-20,Julia Roberts,julia.r@example.com,Cable Management Kit,Office Supplies,Asia Pacific,2,19.99,0.0,39.98,Completed
ORD-000230,2026-09-23,Fiona Gallagher,fiona.g@example.com,Dell XPS 15,Electronics,Europe,1,1899.00,15.0,1614.15,Completed
ORD-000231,2026-09-15,Ian Malcolm,ian.m@example.com,Apple iPad Air M2,Electronics,Europe,4,599.00,0.0,2396.00,Completed
ORD-000232,2026-07-15,Julia Roberts,julia.r@example.com,Ergonomic Mesh Chair,Furniture,North America,1,350.00,0.0,350.00,Refunded
ORD-000233,2026-08-23,Evan Hughes,evan.h@example.com,LED Desk Lamp with Wireless Charger,Furniture,Europe,2,45.00,5.0,85.50,Completed
ORD-000234,2026-04-25,Hannah Abbott,hannah.a@example.com,Apple iPad Air M2,Electronics,Europe,1,599.00,0.0,599.00,Completed
ORD-000235,2026-05-07,Hannah Abbott,hannah.a@example.com,Logitech MX Master 3S,Electronics,Europe,2,99.00,0.0,198.00,Completed
ORD-000236,2026-05-11,Charlie Zhang,charlie.z@example.com,LED Desk Lamp with Wireless Charger,Furniture,Latin America,1,45.00,10.0,40.50,Pending
ORD-000237,2026-07-07,Hannah Abbott,hannah.a@example.com,Ergonomic Mesh Chair,Furniture,North America,2,350.00,5.0,665.00,Completed
ORD-000238,2026-07-06,Alice Walker,alice.w@example.com,Logitech MX Master 3S,Electronics,North America,1,99.00,15.0,84.15,Pending
ORD-000239,2026-07-19,Julia Roberts,julia.r@example.com,Dry Erase Magnetic Whiteboard,Office Supplies,Europe,2,89.00,0.0,178.00,Completed
ORD-000240,2026-08-25,Evan Hughes,evan.h@example.com,Dry Erase Magnetic Whiteboard,Office Supplies,North America,1,89.00,0.0,89.00,Completed
ORD-000241,2026-06-13,George Clark,george.c@example.com,Cable Management Kit,Office Supplies,Latin America,3,19.99,0.0,59.97,Pending
ORD-000242,2026-06-03,George Clark,george.c@example.com,Cable Management Kit,Office Supplies,Europe,2,19.99,0.0,39.98,Completed
ORD-000243,2026-08-06,Julia Roberts,julia.r@example.com,MacBook Pro 16,Electronics,Middle East,3,2499.00,5.0,7122.15,Completed
ORD-000244,2026-07-31,Julia Roberts,julia.r@example.com,Logitech MX Master 3S,Electronics,North America,3,99.00,5.0,282.15,Completed
ORD-000245,2026-04-05,Charlie Zhang,charlie.z@example.com,Ergonomic Mesh Chair,Furniture,North America,3,350.00,0.0,1050.00,Completed
ORD-000246,2026-06-15,Hannah Abbott,hannah.a@example.com,SalesPulse Enterprise Annual License,Software & Cloud,Latin America,1,1200.00,0.0,1200.00,Completed
ORD-000247,2026-07-27,Ian Malcolm,ian.m@example.com,Team Workspace Cloud Storage (1TB),Software & Cloud,North America,2,120.00,0.0,240.00,Completed
ORD-000248,2026-09-18,Fiona Gallagher,fiona.g@example.com,Team Workspace Cloud Storage (1TB),Software & Cloud,Latin America,2,120.00,20.0,192.00,Completed
ORD-000249,2026-05-18,Diana Prince,diana.p@example.com,Team Workspace Cloud Storage (1TB),Software & Cloud,North America,2,120.00,20.0,192.00,Completed
ORD-000250,2026-07-10,Hannah Abbott,hannah.a@example.com,Dual Monitor Arm Mount,Furniture,Asia Pacific,2,75.00,0.0,150.00,Completed
ORD-000251,2026-04-09,Charlie Zhang,charlie.z@example.com,Under-desk Footrest,Furniture,Middle East,3,35.00,0.0,105.00,Completed
ORD-000252,2026-09-23,Julia Roberts,julia.r@example.com,Sony WH-1000XM5 Headphones,Electronics,Latin America,1,399.00,15.0,339.15,Pending
ORD-000253,2026-04-04,Hannah Abbott,hannah.a@example.com,Security Audit Suite Pro,Software & Cloud,Asia Pacific,10,450.00,0.0,4500.00,Completed
ORD-000254,2026-09-22,George Clark,george.c@example.com,Dry Erase Magnetic Whiteboard,Office Supplies,Asia Pacific,1,89.00,0.0,89.00,Completed
ORD-000255,2026-07-19,Evan Hughes,evan.h@example.com,Samsung 4K 32-inch Monitor,Electronics,Latin America,1,499.00,5.0,474.05,Completed
ORD-000256,2026-08-14,Charlie Zhang,charlie.z@example.com,Security Audit Suite Pro,Software & Cloud,Europe,2,450.00,10.0,810.00,Completed
ORD-000257,2026-09-06,Ian Malcolm,ian.m@example.com,Cable Management Kit,Office Supplies,Europe,1,19.99,0.0,19.99,Refunded
ORD-000258,2026-06-19,Ian Malcolm,ian.m@example.com,API Gateway Developer Pass,Software & Cloud,Asia Pacific,1,299.00,0.0,299.00,Completed
ORD-000259,2026-09-10,Ian Malcolm,ian.m@example.com,Dell XPS 15,Electronics,Europe,1,1899.00,0.0,1899.00,Completed
ORD-000260,2026-06-15,Diana Prince,diana.p@example.com,Ergonomic Mesh Chair,Furniture,Latin America,2,350.00,15.0,595.00,Completed
ORD-000261,2026-09-17,Charlie Zhang,charlie.z@example.com,Premium Hardcover Notebooks (Pack of 3),Office Supplies,Europe,3,24.99,0.0,74.97,Completed
ORD-000262,2026-07-14,Bob Martinez,bob.m@example.com,Security Audit Suite Pro,Software & Cloud,Europe,3,450.00,0.0,1350.00,Completed
ORD-000263,2026-08-17,Evan Hughes,evan.h@example.com,Logitech MX Master 3S,Electronics,Asia Pacific,10,99.00,5.0,940.50,Completed
ORD-000264,2026-04-28,Alice Walker,alice.w@example.com,Heavy-Duty Desktop Stapler,Office Supplies,Middle East,1,18.00,0.0,18.00,Completed
ORD-000265,2026-05-06,Julia Roberts,julia.r@example.com,Dual Monitor Arm Mount,Furniture,Middle East,4,75.00,10.0,270.00,Completed
ORD-000266,2026-07-25,Diana Prince,diana.p@example.com,Electric Standing Desk 60x30,Furniture,Middle East,3,580.00,5.0,1653.00,Completed
ORD-000267,2026-08-26,Charlie Zhang,charlie.z@example.com,Security Audit Suite Pro,Software & Cloud,Middle East,5,450.00,5.0,2137.50,Completed
ORD-000268,2026-07-05,Fiona Gallagher,fiona.g@example.com,Sony WH-1000XM5 Headphones,Electronics,Middle East,1,399.00,5.0,379.05,Completed
ORD-000269,2026-06-26,George Clark,george.c@example.com,Under-desk Footrest,Furniture,Middle East,1,35.00,0.0,35.00,Refunded
ORD-000270,2026-07-16,Diana Prince,diana.p@example.com,Dry Erase Magnetic Whiteboard,Office Supplies,Europe,4,89.00,10.0,320.40,Completed
ORD-000271,2026-04-24,George Clark,george.c@example.com,API Gateway Developer Pass,Software & Cloud,Europe,1,299.00,0.0,299.00,Completed
ORD-000272,2026-09-06,Alice Walker,alice.w@example.com,Dry Erase Magnetic Whiteboard,Office Supplies,Europe,1,89.00,0.0,89.00,Pending
ORD-000273,2026-04-17,Julia Roberts,julia.r@example.com,Logitech MX Master 3S,Electronics,Latin America,1,99.00,10.0,89.10,Completed
ORD-000274,2026-04-22,George Clark,george.c@example.com,Gel Pen Set (12-pack),Office Supplies,Europe,2,14.50,0.0,29.00,Pending
ORD-000275,2026-07-09,Bob Martinez,bob.m@example.com,Samsung 4K 32-inch Monitor,Electronics,Europe,1,499.00,5.0,474.05,Pending
ORD-000276,2026-08-20,Charlie Zhang,charlie.z@example.com,Dry Erase Magnetic Whiteboard,Office Supplies,Asia Pacific,1,89.00,0.0,89.00,Completed
ORD-000277,2026-06-28,Bob Martinez,bob.m@example.com,SalesPulse Enterprise Annual License,Software & Cloud,Latin America,1,1200.00,10.0,1080.00,Completed
ORD-000278,2026-06-27,Julia Roberts,julia.r@example.com,Premium Hardcover Notebooks (Pack of 3),Office Supplies,North America,4,24.99,0.0,99.96,Completed
ORD-000279,2026-09-17,Diana Prince,diana.p@example.com,API Gateway Developer Pass,Software & Cloud,Latin America,1,299.00,15.0,254.15,Refunded
ORD-000280,2026-08-14,George Clark,george.c@example.com,Samsung 4K 32-inch Monitor,Electronics,Asia Pacific,1,499.00,15.0,424.15,Completed
ORD-000281,2026-07-11,George Clark,george.c@example.com,Samsung 4K 32-inch Monitor,Electronics,Latin America,4,499.00,5.0,1896.20,Completed
ORD-000282,2026-04-04,George Clark,george.c@example.com,LED Desk Lamp with Wireless Charger,Furniture,Asia Pacific,1,45.00,0.0,45.00,Pending
ORD-000283,2026-07-15,Charlie Zhang,charlie.z@example.com,Team Workspace Cloud Storage (1TB),Software & Cloud,Latin America,1,120.00,10.0,108.00,Completed
ORD-000284,2026-06-26,Bob Martinez,bob.m@example.com,Dry Erase Magnetic Whiteboard,Office Supplies,Latin America,1,89.00,5.0,84.55,Completed
ORD-000285,2026-08-15,Ian Malcolm,ian.m@example.com,Gel Pen Set (12-pack),Office Supplies,North America,10,14.50,10.0,130.50,Refunded
ORD-000286,2026-08-24,Evan Hughes,evan.h@example.com,Apple iPad Air M2,Electronics,Asia Pacific,1,599.00,0.0,599.00,Completed
ORD-000287,2026-04-30,Julia Roberts,julia.r@example.com,Ergonomic Mesh Chair,Furniture,North America,1,350.00,10.0,315.00,Completed
ORD-000288,2026-06-14,Bob Martinez,bob.m@example.com,Team Workspace Cloud Storage (1TB),Software & Cloud,Middle East,4,120.00,0.0,480.00,Completed
ORD-000289,2026-08-20,Ian Malcolm,ian.m@example.com,SalesPulse Enterprise Annual License,Software & Cloud,Middle East,3,1200.00,0.0,3600.00,Completed
ORD-000290,2026-04-09,Evan Hughes,evan.h@example.com,Cable Management Kit,Office Supplies,Middle East,3,19.99,5.0,56.97,Pending
ORD-000291,2026-08-11,Bob Martinez,bob.m@example.com,Gel Pen Set (12-pack),Office Supplies,Europe,4,14.50,15.0,49.30,Completed
ORD-000292,2026-05-07,Evan Hughes,evan.h@example.com,Under-desk Footrest,Furniture,North America,4,35.00,10.0,126.00,Completed
ORD-000293,2026-06-25,Evan Hughes,evan.h@example.com,API Gateway Developer Pass,Software & Cloud,Asia Pacific,3,299.00,0.0,897.00,Completed
ORD-000294,2026-07-24,Evan Hughes,evan.h@example.com,LED Desk Lamp with Wireless Charger,Furniture,Middle East,2,45.00,0.0,90.00,Completed
ORD-000295,2026-04-12,Charlie Zhang,charlie.z@example.com,Premium Hardcover Notebooks (Pack of 3),Office Supplies,North America,1,24.99,5.0,23.74,Completed
ORD-000296,2026-04-18,George Clark,george.c@example.com,Team Workspace Cloud Storage (1TB),Software & Cloud,Middle East,1,120.00,0.0,120.00,Refunded
ORD-000297,2026-06-02,Ian Malcolm,ian.m@example.com,Apple iPad Air M2,Electronics,Europe,3,599.00,0.0,1797.00,Completed
ORD-000298,2026-04-13,Diana Prince,diana.p@example.com,Security Audit Suite Pro,Software & Cloud,Latin America,2,450.00,15.0,765.00,Completed
ORD-000299,2026-05-22,Bob Martinez,bob.m@example.com,Sony WH-1000XM5 Headphones,Electronics,Latin America,4,399.00,15.0,1356.60,Completed
ORD-000300,2026-09-22,Julia Roberts,julia.r@example.com,SalesPulse Enterprise Annual License,Software & Cloud,Middle East,1,1200.00,0.0,1200.00,Completed
ORD-000301,2026-04-15,Ian Malcolm,ian.m@example.com,SalesPulse Enterprise Annual License,Software & Cloud,Europe,1,1200.00,0.0,1200.00,Refunded
ORD-000302,2026-08-13,Julia Roberts,julia.r@example.com,Samsung 4K 32-inch Monitor,Electronics,Latin America,1,499.00,0.0,499.00,Pending
ORD-000303,2026-06-25,Alice Walker,alice.w@example.com,Heavy-Duty Desktop Stapler,Office Supplies,Europe,1,18.00,20.0,14.40,Pending
ORD-000304,2026-05-24,Alice Walker,alice.w@example.com,Premium Hardcover Notebooks (Pack of 3),Office Supplies,Middle East,2,24.99,5.0,47.48,Completed
ORD-000305,2026-08-01,Ian Malcolm,ian.m@example.com,Apple iPad Air M2,Electronics,Europe,2,599.00,0.0,1198.00,Completed
ORD-000306,2026-06-20,Diana Prince,diana.p@example.com,SalesPulse Enterprise Annual License,Software & Cloud,Middle East,2,1200.00,5.0,2280.00,Pending
ORD-000307,2026-07-26,Diana Prince,diana.p@example.com,Dry Erase Magnetic Whiteboard,Office Supplies,Asia Pacific,2,89.00,0.0,178.00,Refunded
ORD-000308,2026-07-29,Bob Martinez,bob.m@example.com,Cable Management Kit,Office Supplies,Latin America,1,19.99,10.0,17.99,Completed
ORD-000309,2026-04-29,Ian Malcolm,ian.m@example.com,Dell XPS 15,Electronics,Latin America,2,1899.00,5.0,3608.10,Completed
ORD-000310,2026-04-12,Evan Hughes,evan.h@example.com,SalesPulse Enterprise Annual License,Software & Cloud,Asia Pacific,1,1200.00,5.0,1140.00,Completed
ORD-000311,2026-08-03,Bob Martinez,bob.m@example.com,API Gateway Developer Pass,Software & Cloud,North America,1,299.00,15.0,254.15,Completed
ORD-000312,2026-05-08,Hannah Abbott,hannah.a@example.com,Ergonomic Mesh Chair,Furniture,Latin America,1,350.00,0.0,350.00,Pending
ORD-000313,2026-09-02,Alice Walker,alice.w@example.com,Dual Monitor Arm Mount,Furniture,Asia Pacific,3,75.00,10.0,202.50,Pending
ORD-000314,2026-05-28,Fiona Gallagher,fiona.g@example.com,Gel Pen Set (12-pack),Office Supplies,Europe,1,14.50,0.0,14.50,Completed
ORD-000315,2026-07-12,Ian Malcolm,ian.m@example.com,Dual Monitor Arm Mount,Furniture,Middle East,2,75.00,0.0,150.00,Completed
ORD-000316,2026-04-06,Ian Malcolm,ian.m@example.com,Team Workspace Cloud Storage (1TB),Software & Cloud,Middle East,1,120.00,0.0,120.00,Refunded
ORD-000317,2026-04-11,Alice Walker,alice.w@example.com,Gel Pen Set (12-pack),Office Supplies,North America,2,14.50,0.0,29.00,Completed
ORD-000318,2026-04-24,Charlie Zhang,charlie.z@example.com,Dell XPS 15,Electronics,Asia Pacific,1,1899.00,0.0,1899.00,Completed
ORD-000319,2026-06-11,Fiona Gallagher,fiona.g@example.com,Security Audit Suite Pro,Software & Cloud,Asia Pacific,4,450.00,0.0,1800.00,Completed
ORD-000320,2026-04-11,Alice Walker,alice.w@example.com,Dell XPS 15,Electronics,Europe,2,1899.00,0.0,3798.00,Pending
ORD-000321,2026-09-21,Bob Martinez,bob.m@example.com,Under-desk Footrest,Furniture,Asia Pacific,1,35.00,10.0,31.50,Refunded
ORD-000322,2026-07-19,Bob Martinez,bob.m@example.com,Samsung 4K 32-inch Monitor,Electronics,Middle East,3,499.00,0.0,1497.00,Completed
ORD-000323,2026-04-16,Julia Roberts,julia.r@example.com,Dry Erase Magnetic Whiteboard,Office Supplies,North America,2,89.00,0.0,178.00,Completed
ORD-000324,2026-06-17,George Clark,george.c@example.com,Sony WH-1000XM5 Headphones,Electronics,Latin America,3,399.00,10.0,1077.30,Completed
ORD-000325,2026-06-29,Alice Walker,alice.w@example.com,LED Desk Lamp with Wireless Charger,Furniture,Europe,2,45.00,0.0,90.00,Completed
ORD-000326,2026-07-09,Ian Malcolm,ian.m@example.com,Team Workspace Cloud Storage (1TB),Software & Cloud,Asia Pacific,4,120.00,15.0,408.00,Completed
ORD-000327,2026-09-17,Ian Malcolm,ian.m@example.com,Samsung 4K 32-inch Monitor,Electronics,Europe,1,499.00,20.0,399.20,Refunded
ORD-000328,2026-05-18,Julia Roberts,julia.r@example.com,API Gateway Developer Pass,Software & Cloud,Middle East,2,299.00,15.0,508.30,Completed
ORD-000329,2026-09-02,Julia Roberts,julia.r@example.com,Sony WH-1000XM5 Headphones,Electronics,Middle East,3,399.00,0.0,1197.00,Pending
ORD-000330,2026-07-29,Bob Martinez,bob.m@example.com,Gel Pen Set (12-pack),Office Supplies,Latin America,2,14.50,0.0,29.00,Completed
ORD-000331,2026-03-31,Hannah Abbott,hannah.a@example.com,Premium Hardcover Notebooks (Pack of 3),Office Supplies,Asia Pacific,1,24.99,0.0,24.99,Completed
ORD-000332,2026-07-13,Hannah Abbott,hannah.a@example.com,Electric Standing Desk 60x30,Furniture,North America,1,580.00,0.0,580.00,Completed
ORD-000333,2026-06-25,George Clark,george.c@example.com,Premium Hardcover Notebooks (Pack of 3),Office Supplies,Asia Pacific,4,24.99,0.0,99.96,Completed
ORD-000334,2026-08-30,Diana Prince,diana.p@example.com,Samsung 4K 32-inch Monitor,Electronics,North America,2,499.00,0.0,998.00,Completed
ORD-000335,2026-08-28,Julia Roberts,julia.r@example.com,Apple iPad Air M2,Electronics,Europe,3,599.00,0.0,1797.00,Pending
ORD-000336,2026-04-19,George Clark,george.c@example.com,SalesPulse Enterprise Annual License,Software & Cloud,Latin America,2,1200.00,15.0,2040.00,Pending
ORD-000337,2026-08-13,George Clark,george.c@example.com,Dual Monitor Arm Mount,Furniture,Asia Pacific,1,75.00,15.0,63.75,Completed
ORD-000338,2026-08-10,Charlie Zhang,charlie.z@example.com,SalesPulse Enterprise Annual License,Software & Cloud,North America,1,1200.00,15.0,1020.00,Completed
ORD-000339,2026-04-24,Alice Walker,alice.w@example.com,Apple iPad Air M2,Electronics,Asia Pacific,3,599.00,0.0,1797.00,Completed
ORD-000340,2026-08-21,Alice Walker,alice.w@example.com,Logitech MX Master 3S,Electronics,Asia Pacific,4,99.00,10.0,356.40,Completed
ORD-000341,2026-04-21,George Clark,george.c@example.com,Logitech MX Master 3S,Electronics,Europe,5,99.00,0.0,495.00,Completed
ORD-000342,2026-04-22,Ian Malcolm,ian.m@example.com,Security Audit Suite Pro,Software & Cloud,Middle East,1,450.00,0.0,450.00,Completed
ORD-000343,2026-04-23,Evan Hughes,evan.h@example.com,Dell XPS 15,Electronics,Middle East,1,1899.00,0.0,1899.00,Refunded
ORD-000344,2026-06-15,George Clark,george.c@example.com,MacBook Pro 16,Electronics,Asia Pacific,2,2499.00,0.0,4998.00,Completed
ORD-000345,2026-08-24,Ian Malcolm,ian.m@example.com,Electric Standing Desk 60x30,Furniture,Asia Pacific,5,580.00,10.0,2610.00,Completed
ORD-000346,2026-06-30,Alice Walker,alice.w@example.com,Security Audit Suite Pro,Software & Cloud,Latin America,2,450.00,5.0,855.00,Completed
ORD-000347,2026-05-15,George Clark,george.c@example.com,Heavy-Duty Desktop Stapler,Office Supplies,Asia Pacific,1,18.00,0.0,18.00,Refunded
ORD-000348,2026-08-28,Evan Hughes,evan.h@example.com,Logitech MX Master 3S,Electronics,Asia Pacific,3,99.00,0.0,297.00,Refunded
ORD-000349,2026-08-14,Alice Walker,alice.w@example.com,Samsung 4K 32-inch Monitor,Electronics,Latin America,1,499.00,0.0,499.00,Completed
ORD-000350,2026-08-14,Julia Roberts,julia.r@example.com,Dry Erase Magnetic Whiteboard,Office Supplies,North America,1,89.00,5.0,84.55,Completed
ORD-000351,2026-04-27,George Clark,george.c@example.com,Security Audit Suite Pro,Software & Cloud,Europe,1,450.00,0.0,450.00,Completed
ORD-000352,2026-04-26,Evan Hughes,evan.h@example.com,Premium Hardcover Notebooks (Pack of 3),Office Supplies,Asia Pacific,1,24.99,0.0,24.99,Completed
ORD-000353,2026-04-27,Ian Malcolm,ian.m@example.com,Apple iPad Air M2,Electronics,North America,1,599.00,0.0,599.00,Completed
ORD-000354,2026-06-21,Charlie Zhang,charlie.z@example.com,Under-desk Footrest,Furniture,Europe,1,35.00,0.0,35.00,Refunded
ORD-000355,2026-06-21,Charlie Zhang,charlie.z@example.com,MacBook Pro 16,Electronics,Asia Pacific,2,2499.00,0.0,4998.00,Completed
ORD-000356,2026-05-11,Julia Roberts,julia.r@example.com,SalesPulse Enterprise Annual License,Software & Cloud,North America,10,1200.00,0.0,12000.00,Completed
ORD-000357,2026-08-29,Hannah Abbott,hannah.a@example.com,Electric Standing Desk 60x30,Furniture,North America,3,580.00,0.0,1740.00,Completed
ORD-000358,2026-06-06,Charlie Zhang,charlie.z@example.com,Cable Management Kit,Office Supplies,Latin America,1,19.99,0.0,19.99,Refunded
ORD-000359,2026-06-29,Bob Martinez,bob.m@example.com,Under-desk Footrest,Furniture,Asia Pacific,1,35.00,0.0,35.00,Refunded
ORD-000360,2026-06-30,Julia Roberts,julia.r@example.com,API Gateway Developer Pass,Software & Cloud,North America,1,299.00,20.0,239.20,Completed
ORD-000361,2026-06-28,Ian Malcolm,ian.m@example.com,Cable Management Kit,Office Supplies,North America,1,19.99,0.0,19.99,Completed
ORD-000362,2026-07-17,Ian Malcolm,ian.m@example.com,Electric Standing Desk 60x30,Furniture,Middle East,4,580.00,0.0,2320.00,Refunded
ORD-000363,2026-08-08,Charlie Zhang,charlie.z@example.com,Under-desk Footrest,Furniture,Asia Pacific,2,35.00,0.0,70.00,Completed
ORD-000364,2026-06-13,Fiona Gallagher,fiona.g@example.com,Sony WH-1000XM5 Headphones,Electronics,Middle East,2,399.00,0.0,798.00,Completed
ORD-000365,2026-04-22,Diana Prince,diana.p@example.com,Cable Management Kit,Office Supplies,Middle East,10,19.99,0.0,199.90,Completed
ORD-000366,2026-04-23,George Clark,george.c@example.com,LED Desk Lamp with Wireless Charger,Furniture,Europe,3,45.00,0.0,135.00,Pending
ORD-000367,2026-04-28,Charlie Zhang,charlie.z@example.com,Sony WH-1000XM5 Headphones,Electronics,North America,2,399.00,0.0,798.00,Completed
ORD-000368,2026-07-23,George Clark,george.c@example.com,Dual Monitor Arm Mount,Furniture,Europe,2,75.00,0.0,150.00,Completed
ORD-000369,2026-06-26,Julia Roberts,julia.r@example.com,API Gateway Developer Pass,Software & Cloud,Middle East,3,299.00,15.0,762.45,Completed
ORD-000370,2026-06-13,Hannah Abbott,hannah.a@example.com,LED Desk Lamp with Wireless Charger,Furniture,Latin America,1,45.00,10.0,40.50,Pending
ORD-000371,2026-09-16,Fiona Gallagher,fiona.g@example.com,Dual Monitor Arm Mount,Furniture,Latin America,1,75.00,0.0,75.00,Refunded
ORD-000372,2026-04-23,Hannah Abbott,hannah.a@example.com,Dry Erase Magnetic Whiteboard,Office Supplies,Europe,3,89.00,5.0,253.65,Completed
ORD-000373,2026-06-06,Julia Roberts,julia.r@example.com,Dual Monitor Arm Mount,Furniture,Asia Pacific,1,75.00,0.0,75.00,Completed
ORD-000374,2026-04-02,Alice Walker,alice.w@example.com,Ergonomic Mesh Chair,Furniture,North America,2,350.00,15.0,595.00,Completed
ORD-000375,2026-07-13,Ian Malcolm,ian.m@example.com,SalesPulse Enterprise Annual License,Software & Cloud,Asia Pacific,3,1200.00,15.0,3060.00,Completed
ORD-000376,2026-09-05,Diana Prince,diana.p@example.com,Team Workspace Cloud Storage (1TB),Software & Cloud,North America,1,120.00,0.0,120.00,Completed
ORD-000377,2026-06-20,Bob Martinez,bob.m@example.com,Under-desk Footrest,Furniture,North America,4,35.00,5.0,133.00,Pending
ORD-000378,2026-05-27,Julia Roberts,julia.r@example.com,API Gateway Developer Pass,Software & Cloud,Latin America,3,299.00,0.0,897.00,Completed
ORD-000379,2026-06-20,Charlie Zhang,charlie.z@example.com,Sony WH-1000XM5 Headphones,Electronics,Latin America,3,399.00,15.0,1017.45,Refunded
ORD-000380,2026-04-03,Ian Malcolm,ian.m@example.com,Heavy-Duty Desktop Stapler,Office Supplies,Latin America,1,18.00,0.0,18.00,Pending
ORD-000381,2026-08-15,Alice Walker,alice.w@example.com,SalesPulse Enterprise Annual License,Software & Cloud,North America,3,1200.00,10.0,3240.00,Completed
ORD-000382,2026-04-22,Bob Martinez,bob.m@example.com,Dual Monitor Arm Mount,Furniture,Latin America,2,75.00,5.0,142.50,Refunded
ORD-000383,2026-05-05,Ian Malcolm,ian.m@example.com,Premium Hardcover Notebooks (Pack of 3),Office Supplies,Latin America,1,24.99,0.0,24.99,Completed
ORD-000384,2026-06-18,Diana Prince,diana.p@example.com,Sony WH-1000XM5 Headphones,Electronics,Middle East,1,399.00,10.0,359.10,Completed
ORD-000385,2026-08-25,Fiona Gallagher,fiona.g@example.com,Cable Management Kit,Office Supplies,Europe,3,19.99,0.0,59.97,Completed
ORD-000386,2026-04-26,Charlie Zhang,charlie.z@example.com,Premium Hardcover Notebooks (Pack of 3),Office Supplies,Asia Pacific,1,24.99,0.0,24.99,Completed
ORD-000387,2026-05-18,Diana Prince,diana.p@example.com,Team Workspace Cloud Storage (1TB),Software & Cloud,Asia Pacific,3,120.00,10.0,324.00,Completed
ORD-000388,2026-05-25,Fiona Gallagher,fiona.g@example.com,API Gateway Developer Pass,Software & Cloud,North America,4,299.00,0.0,1196.00,Completed
ORD-000389,2026-08-09,Alice Walker,alice.w@example.com,Team Workspace Cloud Storage (1TB),Software & Cloud,North America,1,120.00,20.0,96.00,Completed
ORD-000390,2026-05-14,Evan Hughes,evan.h@example.com,Heavy-Duty Desktop Stapler,Office Supplies,Europe,1,18.00,5.0,17.10,Completed
ORD-000391,2026-06-15,Fiona Gallagher,fiona.g@example.com,Logitech MX Master 3S,Electronics,North America,4,99.00,0.0,396.00,Completed
ORD-000392,2026-07-24,Diana Prince,diana.p@example.com,Electric Standing Desk 60x30,Furniture,North America,2,580.00,0.0,1160.00,Completed
ORD-000393,2026-04-05,Bob Martinez,bob.m@example.com,Ergonomic Mesh Chair,Furniture,North America,1,350.00,5.0,332.50,Completed
ORD-000394,2026-07-20,Alice Walker,alice.w@example.com,Premium Hardcover Notebooks (Pack of 3),Office Supplies,Middle East,2,24.99,0.0,49.98,Completed
ORD-000395,2026-04-18,Julia Roberts,julia.r@example.com,Cable Management Kit,Office Supplies,Latin America,3,19.99,15.0,50.97,Completed
ORD-000396,2026-06-01,Evan Hughes,evan.h@example.com,Cable Management Kit,Office Supplies,Middle East,1,19.99,0.0,19.99,Completed
ORD-000397,2026-09-18,Diana Prince,diana.p@example.com,Apple iPad Air M2,Electronics,Latin America,2,599.00,0.0,1198.00,Completed
ORD-000398,2026-07-15,George Clark,george.c@example.com,Electric Standing Desk 60x30,Furniture,Middle East,3,580.00,10.0,1566.00,Pending
ORD-000399,2026-08-17,Fiona Gallagher,fiona.g@example.com,MacBook Pro 16,Electronics,Europe,2,2499.00,0.0,4998.00,Completed
ORD-000400,2026-05-11,Evan Hughes,evan.h@example.com,Ergonomic Mesh Chair,Furniture,North America,3,350.00,0.0,1050.00,Completed
ORD-000401,2026-04-26,Ian Malcolm,ian.m@example.com,Heavy-Duty Desktop Stapler,Office Supplies,North America,1,18.00,5.0,17.10,Completed
ORD-000402,2026-05-21,Evan Hughes,evan.h@example.com,Sony WH-1000XM5 Headphones,Electronics,North America,3,399.00,15.0,1017.45,Pending
ORD-000403,2026-05-16,Alice Walker,alice.w@example.com,Logitech MX Master 3S,Electronics,Europe,1,99.00,0.0,99.00,Refunded
ORD-000404,2026-09-07,George Clark,george.c@example.com,SalesPulse Enterprise Annual License,Software & Cloud,North America,2,1200.00,0.0,2400.00,Completed
ORD-000405,2026-04-19,Charlie Zhang,charlie.z@example.com,Security Audit Suite Pro,Software & Cloud,Latin America,1,450.00,5.0,427.50,Completed
ORD-000406,2026-07-05,Diana Prince,diana.p@example.com,SalesPulse Enterprise Annual License,Software & Cloud,Latin America,1,1200.00,0.0,1200.00,Completed
ORD-000407,2026-08-09,Bob Martinez,bob.m@example.com,Heavy-Duty Desktop Stapler,Office Supplies,Latin America,2,18.00,0.0,36.00,Completed
ORD-000408,2026-06-01,Alice Walker,alice.w@example.com,Sony WH-1000XM5 Headphones,Electronics,Europe,1,399.00,15.0,339.15,Completed
ORD-000409,2026-05-16,Fiona Gallagher,fiona.g@example.com,Samsung 4K 32-inch Monitor,Electronics,North America,4,499.00,0.0,1996.00,Completed
ORD-000410,2026-05-06,George Clark,george.c@example.com,Under-desk Footrest,Furniture,Asia Pacific,3,35.00,0.0,105.00,Refunded
ORD-000411,2026-08-24,Alice Walker,alice.w@example.com,Dell XPS 15,Electronics,North America,3,1899.00,20.0,4557.60,Completed
ORD-000412,2026-08-01,Fiona Gallagher,fiona.g@example.com,Samsung 4K 32-inch Monitor,Electronics,Asia Pacific,4,499.00,5.0,1896.20,Completed
ORD-000413,2026-05-27,Hannah Abbott,hannah.a@example.com,Under-desk Footrest,Furniture,Asia Pacific,1,35.00,0.0,35.00,Completed
ORD-000414,2026-07-04,Hannah Abbott,hannah.a@example.com,Security Audit Suite Pro,Software & Cloud,North America,1,450.00,5.0,427.50,Completed
ORD-000415,2026-08-02,Bob Martinez,bob.m@example.com,Sony WH-1000XM5 Headphones,Electronics,Latin America,1,399.00,0.0,399.00,Completed
ORD-000416,2026-05-04,Fiona Gallagher,fiona.g@example.com,Apple iPad Air M2,Electronics,Asia Pacific,1,599.00,0.0,599.00,Completed
ORD-000417,2026-09-11,Bob Martinez,bob.m@example.com,Security Audit Suite Pro,Software & Cloud,Middle East,10,450.00,0.0,4500.00,Completed
ORD-000418,2026-04-28,Alice Walker,alice.w@example.com,Dual Monitor Arm Mount,Furniture,North America,2,75.00,10.0,135.00,Completed
ORD-000419,2026-08-17,George Clark,george.c@example.com,Sony WH-1000XM5 Headphones,Electronics,Middle East,3,399.00,0.0,1197.00,Pending
ORD-000420,2026-04-24,Fiona Gallagher,fiona.g@example.com,Electric Standing Desk 60x30,Furniture,Latin America,2,580.00,0.0,1160.00,Completed
ORD-000421,2026-06-10,Diana Prince,diana.p@example.com,Apple iPad Air M2,Electronics,North America,1,599.00,0.0,599.00,Refunded
ORD-000422,2026-03-31,Alice Walker,alice.w@example.com,SalesPulse Enterprise Annual License,Software & Cloud,Europe,1,1200.00,10.0,1080.00,Completed
ORD-000423,2026-05-13,Diana Prince,diana.p@example.com,LED Desk Lamp with Wireless Charger,Furniture,Asia Pacific,1,45.00,0.0,45.00,Completed
ORD-000424,2026-08-01,Charlie Zhang,charlie.z@example.com,Team Workspace Cloud Storage (1TB),Software & Cloud,Latin America,5,120.00,0.0,600.00,Pending
ORD-000425,2026-04-03,Ian Malcolm,ian.m@example.com,Logitech MX Master 3S,Electronics,Asia Pacific,1,99.00,5.0,94.05,Completed
ORD-000426,2026-03-28,George Clark,george.c@example.com,Premium Hardcover Notebooks (Pack of 3),Office Supplies,Latin America,1,24.99,0.0,24.99,Refunded
ORD-000427,2026-06-13,Alice Walker,alice.w@example.com,Samsung 4K 32-inch Monitor,Electronics,Middle East,3,499.00,10.0,1347.30,Completed
ORD-000428,2026-08-02,Bob Martinez,bob.m@example.com,API Gateway Developer Pass,Software & Cloud,Europe,1,299.00,5.0,284.05,Refunded
ORD-000429,2026-08-06,Alice Walker,alice.w@example.com,Sony WH-1000XM5 Headphones,Electronics,Europe,2,399.00,0.0,798.00,Pending
ORD-000430,2026-07-06,Hannah Abbott,hannah.a@example.com,Heavy-Duty Desktop Stapler,Office Supplies,Europe,4,18.00,0.0,72.00,Completed
ORD-000431,2026-09-03,Evan Hughes,evan.h@example.com,Electric Standing Desk 60x30,Furniture,Latin America,1,580.00,0.0,580.00,Completed
ORD-000432,2026-05-13,Bob Martinez,bob.m@example.com,LED Desk Lamp with Wireless Charger,Furniture,Europe,1,45.00,0.0,45.00,Completed
ORD-000433,2026-09-11,Bob Martinez,bob.m@example.com,Logitech MX Master 3S,Electronics,Europe,1,99.00,0.0,99.00,Pending
ORD-000434,2026-08-05,Alice Walker,alice.w@example.com,Dual Monitor Arm Mount,Furniture,Latin America,1,75.00,15.0,63.75,Completed
ORD-000435,2026-05-04,George Clark,george.c@example.com,Team Workspace Cloud Storage (1TB),Software & Cloud,Europe,2,120.00,0.0,240.00,Completed
ORD-000436,2026-07-26,Alice Walker,alice.w@example.com,Dry Erase Magnetic Whiteboard,Office Supplies,Asia Pacific,2,89.00,10.0,160.20,Pending
ORD-000437,2026-04-17,George Clark,george.c@example.com,Heavy-Duty Desktop Stapler,Office Supplies,Europe,2,18.00,10.0,32.40,Pending
ORD-000438,2026-03-29,Fiona Gallagher,fiona.g@example.com,MacBook Pro 16,Electronics,Middle East,1,2499.00,0.0,2499.00,Pending
ORD-000439,2026-07-18,Alice Walker,alice.w@example.com,Apple iPad Air M2,Electronics,Europe,2,599.00,0.0,1198.00,Completed
ORD-000440,2026-07-04,George Clark,george.c@example.com,Apple iPad Air M2,Electronics,Middle East,1,599.00,0.0,599.00,Completed
ORD-000441,2026-04-05,Fiona Gallagher,fiona.g@example.com,Ergonomic Mesh Chair,Furniture,Asia Pacific,1,350.00,5.0,332.50,Completed
ORD-000442,2026-06-27,Bob Martinez,bob.m@example.com,Apple iPad Air M2,Electronics,Asia Pacific,1,599.00,0.0,599.00,Pending
ORD-000443,2026-07-23,Evan Hughes,evan.h@example.com,Electric Standing Desk 60x30,Furniture,Asia Pacific,5,580.00,15.0,2465.00,Completed
ORD-000444,2026-07-10,George Clark,george.c@example.com,Security Audit Suite Pro,Software & Cloud,Asia Pacific,1,450.00,20.0,360.00,Completed
ORD-000445,2026-04-08,George Clark,george.c@example.com,Dry Erase Magnetic Whiteboard,Office Supplies,Europe,2,89.00,20.0,142.40,Pending
ORD-000446,2026-09-04,Alice Walker,alice.w@example.com,Team Workspace Cloud Storage (1TB),Software & Cloud,Middle East,1,120.00,0.0,120.00,Completed
ORD-000447,2026-04-21,Bob Martinez,bob.m@example.com,Gel Pen Set (12-pack),Office Supplies,Latin America,2,14.50,0.0,29.00,Completed
ORD-000448,2026-03-29,Bob Martinez,bob.m@example.com,Apple iPad Air M2,Electronics,Asia Pacific,2,599.00,0.0,1198.00,Completed
ORD-000449,2026-08-06,Hannah Abbott,hannah.a@example.com,API Gateway Developer Pass,Software & Cloud,North America,1,299.00,5.0,284.05,Completed
ORD-000450,2026-05-23,Diana Prince,diana.p@example.com,Dell XPS 15,Electronics,Europe,1,1899.00,0.0,1899.00,Completed
ORD-000451,2026-06-12,George Clark,george.c@example.com,Cable Management Kit,Office Supplies,North America,3,19.99,0.0,59.97,Pending
ORD-000452,2026-06-14,Fiona Gallagher,fiona.g@example.com,LED Desk Lamp with Wireless Charger,Furniture,North America,1,45.00,0.0,45.00,Completed
ORD-000453,2026-06-15,Charlie Zhang,charlie.z@example.com,Logitech MX Master 3S,Electronics,North America,2,99.00,0.0,198.00,Refunded
ORD-000454,2026-06-27,Diana Prince,diana.p@example.com,Team Workspace Cloud Storage (1TB),Software & Cloud,Middle East,1,120.00,5.0,114.00,Refunded
ORD-000455,2026-08-15,Alice Walker,alice.w@example.com,API Gateway Developer Pass,Software & Cloud,Latin America,2,299.00,0.0,598.00,Completed
ORD-000456,2026-04-18,Evan Hughes,evan.h@example.com,Dell XPS 15,Electronics,Europe,3,1899.00,0.0,5697.00,Completed
ORD-000457,2026-09-01,Julia Roberts,julia.r@example.com,SalesPulse Enterprise Annual License,Software & Cloud,Europe,1,1200.00,0.0,1200.00,Completed
ORD-000458,2026-07-07,Fiona Gallagher,fiona.g@example.com,SalesPulse Enterprise Annual License,Software & Cloud,Latin America,1,1200.00,15.0,1020.00,Completed
ORD-000459,2026-04-21,Hannah Abbott,hannah.a@example.com,Team Workspace Cloud Storage (1TB),Software & Cloud,North America,1,120.00,5.0,114.00,Completed
ORD-000460,2026-04-05,Alice Walker,alice.w@example.com,SalesPulse Enterprise Annual License,Software & Cloud,Asia Pacific,1,1200.00,5.0,1140.00,Refunded
ORD-000461,2026-04-09,Hannah Abbott,hannah.a@example.com,Samsung 4K 32-inch Monitor,Electronics,Latin America,1,499.00,20.0,399.20,Pending
ORD-000462,2026-08-01,Bob Martinez,bob.m@example.com,SalesPulse Enterprise Annual License,Software & Cloud,North America,2,1200.00,20.0,1920.00,Refunded
ORD-000463,2026-06-20,George Clark,george.c@example.com,Security Audit Suite Pro,Software & Cloud,Latin America,1,450.00,5.0,427.50,Completed
ORD-000464,2026-05-19,Bob Martinez,bob.m@example.com,Cable Management Kit,Office Supplies,Europe,3,19.99,5.0,56.97,Completed
ORD-000465,2026-08-06,Bob Martinez,bob.m@example.com,MacBook Pro 16,Electronics,Middle East,2,2499.00,0.0,4998.00,Completed
ORD-000466,2026-09-14,George Clark,george.c@example.com,Under-desk Footrest,Furniture,Latin America,4,35.00,0.0,140.00,Completed
ORD-000467,2026-05-23,George Clark,george.c@example.com,SalesPulse Enterprise Annual License,Software & Cloud,Asia Pacific,4,1200.00,0.0,4800.00,Pending
ORD-000468,2026-04-14,Diana Prince,diana.p@example.com,Logitech MX Master 3S,Electronics,Latin America,2,99.00,0.0,198.00,Completed
ORD-000469,2026-08-06,Julia Roberts,julia.r@example.com,API Gateway Developer Pass,Software & Cloud,Middle East,1,299.00,0.0,299.00,Refunded
ORD-000470,2026-04-11,Ian Malcolm,ian.m@example.com,Team Workspace Cloud Storage (1TB),Software & Cloud,Middle East,1,120.00,0.0,120.00,Completed
ORD-000471,2026-05-01,Bob Martinez,bob.m@example.com,Security Audit Suite Pro,Software & Cloud,Middle East,2,450.00,0.0,900.00,Completed
ORD-000472,2026-03-30,Bob Martinez,bob.m@example.com,Under-desk Footrest,Furniture,Latin America,1,35.00,10.0,31.50,Completed
ORD-000473,2026-04-13,Diana Prince,diana.p@example.com,MacBook Pro 16,Electronics,Middle East,5,2499.00,10.0,11245.50,Completed
ORD-000474,2026-03-30,Evan Hughes,evan.h@example.com,SalesPulse Enterprise Annual License,Software & Cloud,North America,1,1200.00,10.0,1080.00,Completed
ORD-000475,2026-09-06,Ian Malcolm,ian.m@example.com,LED Desk Lamp with Wireless Charger,Furniture,Asia Pacific,1,45.00,0.0,45.00,Completed
ORD-000476,2026-07-20,Alice Walker,alice.w@example.com,SalesPulse Enterprise Annual License,Software & Cloud,Europe,2,1200.00,0.0,2400.00,Completed
ORD-000477,2026-04-11,Fiona Gallagher,fiona.g@example.com,Electric Standing Desk 60x30,Furniture,North America,1,580.00,0.0,580.00,Completed
ORD-000478,2026-04-17,George Clark,george.c@example.com,Team Workspace Cloud Storage (1TB),Software & Cloud,Europe,5,120.00,15.0,510.00,Pending
ORD-000479,2026-04-09,Ian Malcolm,ian.m@example.com,API Gateway Developer Pass,Software & Cloud,North America,5,299.00,5.0,1420.25,Completed
ORD-000480,2026-07-04,Hannah Abbott,hannah.a@example.com,SalesPulse Enterprise Annual License,Software & Cloud,Middle East,1,1200.00,5.0,1140.00,Completed
ORD-000481,2026-08-12,Fiona Gallagher,fiona.g@example.com,Dual Monitor Arm Mount,Furniture,Latin America,1,75.00,0.0,75.00,Pending
ORD-000482,2026-07-25,Alice Walker,alice.w@example.com,Apple iPad Air M2,Electronics,Asia Pacific,3,599.00,15.0,1527.45,Completed
ORD-000483,2026-06-13,Ian Malcolm,ian.m@example.com,Under-desk Footrest,Furniture,Europe,1,35.00,0.0,35.00,Completed
ORD-000484,2026-05-11,Hannah Abbott,hannah.a@example.com,Cable Management Kit,Office Supplies,Europe,3,19.99,20.0,47.98,Completed
ORD-000485,2026-08-17,Fiona Gallagher,fiona.g@example.com,LED Desk Lamp with Wireless Charger,Furniture,Asia Pacific,4,45.00,0.0,180.00,Completed
ORD-000486,2026-08-10,Evan Hughes,evan.h@example.com,Gel Pen Set (12-pack),Office Supplies,North America,1,14.50,0.0,14.50,Completed
ORD-000487,2026-09-24,Hannah Abbott,hannah.a@example.com,Electric Standing Desk 60x30,Furniture,Europe,2,580.00,10.0,1044.00,Completed
ORD-000488,2026-06-06,Diana Prince,diana.p@example.com,Apple iPad Air M2,Electronics,Asia Pacific,2,599.00,10.0,1078.20,Completed
ORD-000489,2026-04-29,Bob Martinez,bob.m@example.com,Team Workspace Cloud Storage (1TB),Software & Cloud,Europe,1,120.00,15.0,102.00,Completed
ORD-000490,2026-08-26,Fiona Gallagher,fiona.g@example.com,Electric Standing Desk 60x30,Furniture,Asia Pacific,1,580.00,0.0,580.00,Completed
ORD-000491,2026-06-22,Bob Martinez,bob.m@example.com,Cable Management Kit,Office Supplies,Asia Pacific,2,19.99,0.0,39.98,Completed
ORD-000492,2026-03-28,Alice Walker,alice.w@example.com,LED Desk Lamp with Wireless Charger,Furniture,Europe,1,45.00,0.0,45.00,Completed
ORD-000493,2026-05-27,Evan Hughes,evan.h@example.com,MacBook Pro 16,Electronics,Middle East,2,2499.00,0.0,4998.00,Completed
ORD-000494,2026-04-11,Ian Malcolm,ian.m@example.com,Logitech MX Master 3S,Electronics,Europe,1,99.00,5.0,94.05,Completed
ORD-000495,2026-04-23,Charlie Zhang,charlie.z@example.com,Under-desk Footrest,Furniture,Europe,1,35.00,15.0,29.75,Refunded
ORD-000496,2026-03-28,Charlie Zhang,charlie.z@example.com,Under-desk Footrest,Furniture,Latin America,1,35.00,5.0,33.25,Refunded
ORD-000497,2026-05-04,Evan Hughes,evan.h@example.com,Dual Monitor Arm Mount,Furniture,Asia Pacific,1,75.00,0.0,75.00,Completed
ORD-000498,2026-06-05,Evan Hughes,evan.h@example.com,Team Workspace Cloud Storage (1TB),Software & Cloud,Middle East,1,120.00,20.0,96.00,Completed
ORD-000499,2026-07-31,Hannah Abbott,hannah.a@example.com,Dell XPS 15,Electronics,Asia Pacific,4,1899.00,5.0,7216.20,Completed
ORD-000500,2026-05-26,Evan Hughes,evan.h@example.com,SalesPulse Enterprise Annual License,Software & Cloud,Latin America,10,1200.00,0.0,12000.00,Completed
ORD-000501,2026-09-22,Julia Roberts,julia.r@example.com,Heavy-Duty Desktop Stapler,Office Supplies,Europe,3,18.00,0.0,54.00,Completed
ORD-000502,2026-05-16,Evan Hughes,evan.h@example.com,Dry Erase Magnetic Whiteboard,Office Supplies,Latin America,1,89.00,20.0,71.20,Completed
ORD-000503,2026-05-20,Charlie Zhang,charlie.z@example.com,Security Audit Suite Pro,Software & Cloud,Asia Pacific,4,450.00,0.0,1800.00,Completed
ORD-000504,2026-06-30,Hannah Abbott,hannah.a@example.com,Apple iPad Air M2,Electronics,Asia Pacific,2,599.00,0.0,1198.00,Pending
ORD-000505,2026-09-13,Charlie Zhang,charlie.z@example.com,Dry Erase Magnetic Whiteboard,Office Supplies,Latin America,1,89.00,0.0,89.00,Refunded
ORD-000506,2026-07-04,Diana Prince,diana.p@example.com,MacBook Pro 16,Electronics,Asia Pacific,2,2499.00,5.0,4748.10,Pending
ORD-000507,2026-07-15,Evan Hughes,evan.h@example.com,Apple iPad Air M2,Electronics,Latin America,3,599.00,0.0,1797.00,Pending
ORD-000508,2026-08-14,Ian Malcolm,ian.m@example.com,Sony WH-1000XM5 Headphones,Electronics,Europe,3,399.00,15.0,1017.45,Pending
ORD-000509,2026-07-17,Alice Walker,alice.w@example.com,SalesPulse Enterprise Annual License,Software & Cloud,Asia Pacific,2,1200.00,5.0,2280.00,Pending
ORD-000510,2026-07-15,Hannah Abbott,hannah.a@example.com,MacBook Pro 16,Electronics,Asia Pacific,2,2499.00,15.0,4248.30,Completed
ORD-000511,2026-04-20,Evan Hughes,evan.h@example.com,LED Desk Lamp with Wireless Charger,Furniture,North America,1,45.00,0.0,45.00,Completed
ORD-ERR-000512,INVALID_DATE_FORMAT,Bad Record User,bad@test,Corrupted Item,ErrorCategory,Nowhere,-5,N/A,0,0,Completed
ORD-000513,2026-04-04,Ian Malcolm,ian.m@example.com,Under-desk Footrest,Furniture,Latin America,3,35.00,0.0,105.00,Completed
ORD-000514,2026-07-12,Fiona Gallagher,fiona.g@example.com,Cable Management Kit,Office Supplies,Asia Pacific,4,19.99,20.0,63.97,Completed
ORD-000515,2026-04-07,George Clark,george.c@example.com,Sony WH-1000XM5 Headphones,Electronics,Latin America,2,399.00,0.0,798.00,Completed
ORD-000516,2026-05-26,Ian Malcolm,ian.m@example.com,Team Workspace Cloud Storage (1TB),Software & Cloud,Latin America,2,120.00,0.0,240.00,Refunded
ORD-000517,2026-05-09,Hannah Abbott,hannah.a@example.com,Team Workspace Cloud Storage (1TB),Software & Cloud,Europe,2,120.00,20.0,192.00,Refunded
ORD-000518,2026-08-27,Bob Martinez,bob.m@example.com,Security Audit Suite Pro,Software & Cloud,North America,2,450.00,0.0,900.00,Pending
ORD-000519,2026-04-29,Ian Malcolm,ian.m@example.com,LED Desk Lamp with Wireless Charger,Furniture,Asia Pacific,1,45.00,10.0,40.50,Completed
ORD-000520,2026-04-16,Hannah Abbott,hannah.a@example.com,Electric Standing Desk 60x30,Furniture,Latin America,2,580.00,0.0,1160.00,Pending
ORD-000521,2026-07-31,Julia Roberts,julia.r@example.com,Heavy-Duty Desktop Stapler,Office Supplies,North America,1,18.00,0.0,18.00,Completed
ORD-000522,2026-07-21,Charlie Zhang,charlie.z@example.com,Electric Standing Desk 60x30,Furniture,Middle East,5,580.00,0.0,2900.00,Completed
ORD-000523,2026-06-12,George Clark,george.c@example.com,Security Audit Suite Pro,Software & Cloud,Europe,2,450.00,15.0,765.00,Pending
ORD-000524,2026-07-24,Fiona Gallagher,fiona.g@example.com,SalesPulse Enterprise Annual License,Software & Cloud,Latin America,1,1200.00,5.0,1140.00,Completed
ORD-000525,2026-04-06,Diana Prince,diana.p@example.com,Team Workspace Cloud Storage (1TB),Software & Cloud,North America,2,120.00,0.0,240.00,Pending
ORD-000526,2026-07-11,Bob Martinez,bob.m@example.com,SalesPulse Enterprise Annual License,Software & Cloud,Latin America,2,1200.00,0.0,2400.00,Refunded
ORD-000527,2026-08-07,Alice Walker,alice.w@example.com,Sony WH-1000XM5 Headphones,Electronics,Asia Pacific,1,399.00,0.0,399.00,Completed
ORD-000528,2026-06-29,Charlie Zhang,charlie.z@example.com,LED Desk Lamp with Wireless Charger,Furniture,Europe,1,45.00,0.0,45.00,Pending
ORD-000529,2026-04-18,Hannah Abbott,hannah.a@example.com,Dry Erase Magnetic Whiteboard,Office Supplies,Asia Pacific,1,89.00,0.0,89.00,Completed
ORD-000530,2026-06-08,George Clark,george.c@example.com,MacBook Pro 16,Electronics,Europe,2,2499.00,15.0,4248.30,Refunded
ORD-000531,2026-08-03,Evan Hughes,evan.h@example.com,Premium Hardcover Notebooks (Pack of 3),Office Supplies,Latin America,2,24.99,0.0,49.98,Completed
ORD-000532,2026-07-09,Alice Walker,alice.w@example.com,SalesPulse Enterprise Annual License,Software & Cloud,North America,1,1200.00,0.0,1200.00,Completed
ORD-000533,2026-05-03,Alice Walker,alice.w@example.com,Cable Management Kit,Office Supplies,North America,4,19.99,0.0,79.96,Refunded
ORD-000534,2026-06-28,George Clark,george.c@example.com,API Gateway Developer Pass,Software & Cloud,Middle East,5,299.00,0.0,1495.00,Completed
ORD-000535,2026-06-23,Charlie Zhang,charlie.z@example.com,LED Desk Lamp with Wireless Charger,Furniture,Latin America,4,45.00,5.0,171.00,Refunded
ORD-000536,2026-08-21,Ian Malcolm,ian.m@example.com,Heavy-Duty Desktop Stapler,Office Supplies,Middle East,1,18.00,20.0,14.40,Completed
ORD-000537,2026-07-12,Fiona Gallagher,fiona.g@example.com,Samsung 4K 32-inch Monitor,Electronics,Latin America,3,499.00,10.0,1347.30,Pending
ORD-000538,2026-06-09,Alice Walker,alice.w@example.com,Dual Monitor Arm Mount,Furniture,Asia Pacific,1,75.00,10.0,67.50,Pending
ORD-000539,2026-08-28,Ian Malcolm,ian.m@example.com,Apple iPad Air M2,Electronics,Latin America,2,599.00,0.0,1198.00,Completed
ORD-000540,2026-04-02,Ian Malcolm,ian.m@example.com,Team Workspace Cloud Storage (1TB),Software & Cloud,Middle East,1,120.00,0.0,120.00,Completed
ORD-000541,2026-06-02,Hannah Abbott,hannah.a@example.com,Dry Erase Magnetic Whiteboard,Office Supplies,Middle East,1,89.00,0.0,89.00,Completed
ORD-000542,2026-08-12,Julia Roberts,julia.r@example.com,API Gateway Developer Pass,Software & Cloud,Asia Pacific,4,299.00,5.0,1136.20,Completed
ORD-000543,2026-07-19,Ian Malcolm,ian.m@example.com,Team Workspace Cloud Storage (1TB),Software & Cloud,Middle East,1,120.00,0.0,120.00,Refunded
ORD-000544,2026-07-22,Hannah Abbott,hannah.a@example.com,Security Audit Suite Pro,Software & Cloud,Latin America,1,450.00,15.0,382.50,Completed
ORD-000545,2026-08-13,Fiona Gallagher,fiona.g@example.com,Under-desk Footrest,Furniture,Asia Pacific,2,35.00,0.0,70.00,Completed
ORD-000546,2026-04-18,Charlie Zhang,charlie.z@example.com,LED Desk Lamp with Wireless Charger,Furniture,Europe,2,45.00,0.0,90.00,Completed
ORD-000547,2026-06-13,Hannah Abbott,hannah.a@example.com,Gel Pen Set (12-pack),Office Supplies,Europe,1,14.50,0.0,14.50,Completed
ORD-000548,2026-03-31,Hannah Abbott,hannah.a@example.com,Under-desk Footrest,Furniture,Middle East,2,35.00,0.0,70.00,Completed
ORD-000549,2026-09-08,Bob Martinez,bob.m@example.com,MacBook Pro 16,Electronics,Latin America,1,2499.00,0.0,2499.00,Refunded
ORD-000550,2026-04-01,George Clark,george.c@example.com,API Gateway Developer Pass,Software & Cloud,Europe,2,299.00,0.0,598.00,Completed
ORD-000551,2026-07-02,Alice Walker,alice.w@example.com,Under-desk Footrest,Furniture,Latin America,1,35.00,0.0,35.00,Pending
ORD-000552,2026-08-06,Evan Hughes,evan.h@example.com,Heavy-Duty Desktop Stapler,Office Supplies,North America,1,18.00,0.0,18.00,Pending
ORD-000553,2026-08-24,George Clark,george.c@example.com,Gel Pen Set (12-pack),Office Supplies,Middle East,2,14.50,0.0,29.00,Refunded
ORD-000554,2026-04-29,Ian Malcolm,ian.m@example.com,Dell XPS 15,Electronics,North America,10,1899.00,20.0,15192.00,Refunded
ORD-000555,2026-09-22,Diana Prince,diana.p@example.com,Premium Hardcover Notebooks (Pack of 3),Office Supplies,North America,2,24.99,0.0,49.98,Completed
ORD-000556,2026-06-08,Alice Walker,alice.w@example.com,Apple iPad Air M2,Electronics,North America,1,599.00,5.0,569.05,Completed
ORD-000557,2026-06-06,George Clark,george.c@example.com,Electric Standing Desk 60x30,Furniture,North America,1,580.00,0.0,580.00,Refunded
ORD-000558,2026-04-17,Diana Prince,diana.p@example.com,Under-desk Footrest,Furniture,North America,1,35.00,0.0,35.00,Completed
ORD-000559,2026-05-12,Fiona Gallagher,fiona.g@example.com,Apple iPad Air M2,Electronics,Asia Pacific,1,599.00,5.0,569.05,Completed
ORD-000560,2026-07-18,Ian Malcolm,ian.m@example.com,Under-desk Footrest,Furniture,Europe,4,35.00,0.0,140.00,Refunded
ORD-000561,2026-09-08,Ian Malcolm,ian.m@example.com,SalesPulse Enterprise Annual License,Software & Cloud,Latin America,3,1200.00,0.0,3600.00,Refunded
ORD-000562,2026-09-13,Diana Prince,diana.p@example.com,Team Workspace Cloud Storage (1TB),Software & Cloud,Middle East,1,120.00,5.0,114.00,Completed
ORD-000563,2026-05-27,Fiona Gallagher,fiona.g@example.com,Dry Erase Magnetic Whiteboard,Office Supplies,North America,10,89.00,0.0,890.00,Completed
ORD-000564,2026-08-15,Julia Roberts,julia.r@example.com,Heavy-Duty Desktop Stapler,Office Supplies,Latin America,1,18.00,0.0,18.00,Pending
ORD-000565,2026-05-20,Fiona Gallagher,fiona.g@example.com,Ergonomic Mesh Chair,Furniture,North America,5,350.00,10.0,1575.00,Pending
ORD-000566,2026-04-26,Diana Prince,diana.p@example.com,Electric Standing Desk 60x30,Furniture,Latin America,1,580.00,0.0,580.00,Completed
ORD-000567,2026-08-15,Bob Martinez,bob.m@example.com,Dry Erase Magnetic Whiteboard,Office Supplies,North America,1,89.00,10.0,80.10,Pending
ORD-000568,2026-08-08,Alice Walker,alice.w@example.com,Apple iPad Air M2,Electronics,Latin America,2,599.00,20.0,958.40,Pending
ORD-000569,2026-08-19,Hannah Abbott,hannah.a@example.com,Under-desk Footrest,Furniture,North America,4,35.00,0.0,140.00,Completed
ORD-000570,2026-05-12,Fiona Gallagher,fiona.g@example.com,Dual Monitor Arm Mount,Furniture,North America,2,75.00,15.0,127.50,Completed
ORD-000571,2026-07-06,Julia Roberts,julia.r@example.com,Dell XPS 15,Electronics,Asia Pacific,3,1899.00,0.0,5697.00,Completed
ORD-000572,2026-09-11,Ian Malcolm,ian.m@example.com,Security Audit Suite Pro,Software & Cloud,Latin America,5,450.00,15.0,1912.50,Completed
ORD-000573,2026-07-14,Alice Walker,alice.w@example.com,API Gateway Developer Pass,Software & Cloud,Asia Pacific,1,299.00,15.0,254.15,Completed
ORD-000574,2026-06-12,Julia Roberts,julia.r@example.com,Dry Erase Magnetic Whiteboard,Office Supplies,North America,2,89.00,0.0,178.00,Completed
ORD-000575,2026-06-11,Hannah Abbott,hannah.a@example.com,Electric Standing Desk 60x30,Furniture,Europe,1,580.00,0.0,580.00,Refunded
ORD-000576,2026-06-15,Bob Martinez,bob.m@example.com,SalesPulse Enterprise Annual License,Software & Cloud,Middle East,2,1200.00,10.0,2160.00,Refunded
ORD-000577,2026-07-01,Fiona Gallagher,fiona.g@example.com,Team Workspace Cloud Storage (1TB),Software & Cloud,Europe,3,120.00,15.0,306.00,Completed
ORD-000578,2026-05-26,Bob Martinez,bob.m@example.com,Heavy-Duty Desktop Stapler,Office Supplies,Latin America,1,18.00,5.0,17.10,Refunded
ORD-000579,2026-06-26,Julia Roberts,julia.r@example.com,Heavy-Duty Desktop Stapler,Office Supplies,North America,1,18.00,0.0,18.00,Refunded
ORD-000580,2026-07-08,Julia Roberts,julia.r@example.com,Dual Monitor Arm Mount,Furniture,North America,1,75.00,15.0,63.75,Completed
ORD-000581,2026-06-04,Hannah Abbott,hannah.a@example.com,API Gateway Developer Pass,Software & Cloud,North America,5,299.00,5.0,1420.25,Refunded
ORD-000582,2026-06-20,Hannah Abbott,hannah.a@example.com,Apple iPad Air M2,Electronics,Asia Pacific,4,599.00,0.0,2396.00,Completed
ORD-000583,2026-06-04,Fiona Gallagher,fiona.g@example.com,SalesPulse Enterprise Annual License,Software & Cloud,Middle East,5,1200.00,10.0,5400.00,Pending
ORD-000584,2026-09-09,Ian Malcolm,ian.m@example.com,MacBook Pro 16,Electronics,Asia Pacific,1,2499.00,0.0,2499.00,Refunded
ORD-000585,2026-08-20,Fiona Gallagher,fiona.g@example.com,Team Workspace Cloud Storage (1TB),Software & Cloud,Asia Pacific,1,120.00,0.0,120.00,Completed
ORD-000586,2026-09-23,Bob Martinez,bob.m@example.com,SalesPulse Enterprise Annual License,Software & Cloud,North America,1,1200.00,0.0,1200.00,Refunded
ORD-000587,2026-06-04,George Clark,george.c@example.com,Premium Hardcover Notebooks (Pack of 3),Office Supplies,Latin America,1,24.99,10.0,22.49,Completed
ORD-000588,2026-04-18,Evan Hughes,evan.h@example.com,Electric Standing Desk 60x30,Furniture,Asia Pacific,2,580.00,0.0,1160.00,Completed
ORD-000589,2026-06-07,Julia Roberts,julia.r@example.com,Electric Standing Desk 60x30,Furniture,Asia Pacific,1,580.00,5.0,551.00,Refunded
ORD-000590,2026-09-16,Hannah Abbott,hannah.a@example.com,Under-desk Footrest,Furniture,Latin America,4,35.00,0.0,140.00,Completed
ORD-000591,2026-07-26,Evan Hughes,evan.h@example.com,Electric Standing Desk 60x30,Furniture,Asia Pacific,1,580.00,20.0,464.00,Refunded
ORD-000592,2026-09-18,Charlie Zhang,charlie.z@example.com,Gel Pen Set (12-pack),Office Supplies,Europe,1,14.50,0.0,14.50,Completed
ORD-000593,2026-04-07,Alice Walker,alice.w@example.com,API Gateway Developer Pass,Software & Cloud,Middle East,1,299.00,5.0,284.05,Pending
ORD-000594,2026-05-14,George Clark,george.c@example.com,API Gateway Developer Pass,Software & Cloud,Latin America,1,299.00,0.0,299.00,Refunded
ORD-000595,2026-05-25,Evan Hughes,evan.h@example.com,Team Workspace Cloud Storage (1TB),Software & Cloud,Asia Pacific,1,120.00,0.0,120.00,Completed
ORD-000596,2026-08-28,Julia Roberts,julia.r@example.com,SalesPulse Enterprise Annual License,Software & Cloud,Middle East,1,1200.00,5.0,1140.00,Pending
ORD-000597,2026-09-03,Fiona Gallagher,fiona.g@example.com,SalesPulse Enterprise Annual License,Software & Cloud,Latin America,1,1200.00,0.0,1200.00,Completed
ORD-000598,2026-04-21,Diana Prince,diana.p@example.com,API Gateway Developer Pass,Software & Cloud,Europe,1,299.00,0.0,299.00,Completed
ORD-000599,2026-09-20,Fiona Gallagher,fiona.g@example.com,Premium Hardcover Notebooks (Pack of 3),Office Supplies,North America,1,24.99,0.0,24.99,Pending
ORD-000600,2026-09-17,Alice Walker,alice.w@example.com,SalesPulse Enterprise Annual License,Software & Cloud,North America,2,1200.00,5.0,2280.00,Completed
ORD-000601,2026-05-14,George Clark,george.c@example.com,Security Audit Suite Pro,Software & Cloud,North America,4,450.00,0.0,1800.00,Completed
ORD-000602,2026-04-21,Julia Roberts,julia.r@example.com,Cable Management Kit,Office Supplies,Middle East,3,19.99,10.0,53.97,Completed
ORD-000603,2026-07-19,George Clark,george.c@example.com,Under-desk Footrest,Furniture,Asia Pacific,4,35.00,5.0,133.00,Pending
ORD-000604,2026-09-14,George Clark,george.c@example.com,Dual Monitor Arm Mount,Furniture,Europe,2,75.00,0.0,150.00,Completed
ORD-000605,2026-07-25,Bob Martinez,bob.m@example.com,Dry Erase Magnetic Whiteboard,Office Supplies,Middle East,1,89.00,0.0,89.00,Completed
ORD-000606,2026-06-07,Fiona Gallagher,fiona.g@example.com,Security Audit Suite Pro,Software & Cloud,Middle East,1,450.00,0.0,450.00,Completed
ORD-000607,2026-06-29,Ian Malcolm,ian.m@example.com,Sony WH-1000XM5 Headphones,Electronics,North America,4,399.00,0.0,1596.00,Refunded
ORD-000608,2026-07-18,Julia Roberts,julia.r@example.com,MacBook Pro 16,Electronics,Asia Pacific,2,2499.00,0.0,4998.00,Refunded
ORD-000609,2026-08-14,Alice Walker,alice.w@example.com,Dry Erase Magnetic Whiteboard,Office Supplies,Asia Pacific,2,89.00,0.0,178.00,Refunded
ORD-000610,2026-09-17,Alice Walker,alice.w@example.com,SalesPulse Enterprise Annual License,Software & Cloud,Asia Pacific,1,1200.00,10.0,1080.00,Completed
ORD-000611,2026-06-20,Julia Roberts,julia.r@example.com,Logitech MX Master 3S,Electronics,Middle East,1,99.00,0.0,99.00,Completed
ORD-000612,2026-06-18,Hannah Abbott,hannah.a@example.com,API Gateway Developer Pass,Software & Cloud,North America,1,299.00,5.0,284.05,Completed
ORD-000613,2026-07-22,Diana Prince,diana.p@example.com,Cable Management Kit,Office Supplies,Asia Pacific,1,19.99,0.0,19.99,Pending
ORD-000614,2026-05-06,Julia Roberts,julia.r@example.com,Electric Standing Desk 60x30,Furniture,Latin America,1,580.00,0.0,580.00,Completed
ORD-000615,2026-06-13,Ian Malcolm,ian.m@example.com,API Gateway Developer Pass,Software & Cloud,Latin America,1,299.00,0.0,299.00,Completed
ORD-000616,2026-05-20,Alice Walker,alice.w@example.com,LED Desk Lamp with Wireless Charger,Furniture,Middle East,1,45.00,15.0,38.25,Completed
ORD-000617,2026-07-10,Diana Prince,diana.p@example.com,Security Audit Suite Pro,Software & Cloud,North America,1,450.00,0.0,450.00,Refunded
ORD-000618,2026-04-23,Bob Martinez,bob.m@example.com,Dell XPS 15,Electronics,Asia Pacific,2,1899.00,10.0,3418.20,Completed
ORD-000619,2026-09-21,Alice Walker,alice.w@example.com,Gel Pen Set (12-pack),Office Supplies,North America,1,14.50,20.0,11.60,Refunded
ORD-000620,2026-06-08,George Clark,george.c@example.com,Cable Management Kit,Office Supplies,Asia Pacific,1,19.99,5.0,18.99,Completed
ORD-000621,2026-06-05,Bob Martinez,bob.m@example.com,Heavy-Duty Desktop Stapler,Office Supplies,Middle East,1,18.00,0.0,18.00,Pending
ORD-000622,2026-07-04,Julia Roberts,julia.r@example.com,Dell XPS 15,Electronics,Middle East,5,1899.00,5.0,9020.25,Refunded
ORD-000623,2026-09-17,Bob Martinez,bob.m@example.com,LED Desk Lamp with Wireless Charger,Furniture,Latin America,2,45.00,10.0,81.00,Completed
ORD-000624,2026-06-14,Diana Prince,diana.p@example.com,Cable Management Kit,Office Supplies,Asia Pacific,1,19.99,15.0,16.99,Completed
ORD-000625,2026-04-15,Diana Prince,diana.p@example.com,Sony WH-1000XM5 Headphones,Electronics,North America,1,399.00,20.0,319.20,Completed
ORD-000626,2026-04-28,Julia Roberts,julia.r@example.com,Samsung 4K 32-inch Monitor,Electronics,Asia Pacific,3,499.00,5.0,1422.15,Completed
ORD-000627,2026-04-20,Charlie Zhang,charlie.z@example.com,Dual Monitor Arm Mount,Furniture,Middle East,1,75.00,0.0,75.00,Completed
ORD-000628,2026-08-28,Bob Martinez,bob.m@example.com,Team Workspace Cloud Storage (1TB),Software & Cloud,Europe,1,120.00,5.0,114.00,Refunded
ORD-000629,2026-06-29,Evan Hughes,evan.h@example.com,Heavy-Duty Desktop Stapler,Office Supplies,Europe,1,18.00,0.0,18.00,Refunded
ORD-000630,2026-06-08,Julia Roberts,julia.r@example.com,Dual Monitor Arm Mount,Furniture,North America,2,75.00,5.0,142.50,Completed
ORD-000631,2026-07-08,Bob Martinez,bob.m@example.com,API Gateway Developer Pass,Software & Cloud,Latin America,1,299.00,0.0,299.00,Refunded
ORD-000632,2026-09-20,George Clark,george.c@example.com,LED Desk Lamp with Wireless Charger,Furniture,Middle East,2,45.00,0.0,90.00,Completed
ORD-000633,2026-09-01,Fiona Gallagher,fiona.g@example.com,Dual Monitor Arm Mount,Furniture,Middle East,1,75.00,0.0,75.00,Pending
ORD-000634,2026-03-30,Ian Malcolm,ian.m@example.com,Electric Standing Desk 60x30,Furniture,Middle East,1,580.00,0.0,580.00,Pending
ORD-000635,2026-07-02,Fiona Gallagher,fiona.g@example.com,Cable Management Kit,Office Supplies,Europe,1,19.99,15.0,16.99,Completed
ORD-000636,2026-08-22,Charlie Zhang,charlie.z@example.com,Under-desk Footrest,Furniture,Middle East,2,35.00,0.0,70.00,Completed
ORD-000637,2026-07-14,Charlie Zhang,charlie.z@example.com,Heavy-Duty Desktop Stapler,Office Supplies,Middle East,1,18.00,5.0,17.10,Completed
ORD-000638,2026-08-21,George Clark,george.c@example.com,Team Workspace Cloud Storage (1TB),Software & Cloud,Europe,1,120.00,20.0,96.00,Pending
ORD-000639,2026-09-02,Evan Hughes,evan.h@example.com,Under-desk Footrest,Furniture,Europe,1,35.00,5.0,33.25,Completed
ORD-000640,2026-08-02,Charlie Zhang,charlie.z@example.com,Premium Hardcover Notebooks (Pack of 3),Office Supplies,Middle East,1,24.99,0.0,24.99,Pending
ORD-000641,2026-07-03,Evan Hughes,evan.h@example.com,LED Desk Lamp with Wireless Charger,Furniture,Europe,2,45.00,5.0,85.50,Pending
ORD-000642,2026-06-16,Charlie Zhang,charlie.z@example.com,Premium Hardcover Notebooks (Pack of 3),Office Supplies,Asia Pacific,1,24.99,0.0,24.99,Pending
ORD-000643,2026-07-19,George Clark,george.c@example.com,Team Workspace Cloud Storage (1TB),Software & Cloud,Asia Pacific,4,120.00,10.0,432.00,Pending
ORD-000644,2026-04-28,George Clark,george.c@example.com,Heavy-Duty Desktop Stapler,Office Supplies,Latin America,1,18.00,0.0,18.00,Completed
ORD-000645,2026-04-28,Bob Martinez,bob.m@example.com,Samsung 4K 32-inch Monitor,Electronics,Europe,2,499.00,0.0,998.00,Refunded
ORD-000646,2026-06-23,Diana Prince,diana.p@example.com,Under-desk Footrest,Furniture,Middle East,2,35.00,0.0,70.00,Completed
ORD-000647,2026-07-08,Charlie Zhang,charlie.z@example.com,Under-desk Footrest,Furniture,Asia Pacific,2,35.00,0.0,70.00,Pending
ORD-000648,2026-04-29,Charlie Zhang,charlie.z@example.com,Apple iPad Air M2,Electronics,Latin America,4,599.00,0.0,2396.00,Completed
ORD-000649,2026-06-18,Ian Malcolm,ian.m@example.com,Gel Pen Set (12-pack),Office Supplies,Europe,2,14.50,10.0,26.10,Completed
ORD-000650,2026-05-12,Evan Hughes,evan.h@example.com,Dual Monitor Arm Mount,Furniture,Middle East,1,75.00,0.0,75.00,Completed
ORD-000651,2026-09-08,Charlie Zhang,charlie.z@example.com,SalesPulse Enterprise Annual License,Software & Cloud,Middle East,3,1200.00,0.0,3600.00,Completed
ORD-000652,2026-07-14,Evan Hughes,evan.h@example.com,LED Desk Lamp with Wireless Charger,Furniture,Asia Pacific,1,45.00,0.0,45.00,Pending
ORD-000653,2026-05-07,George Clark,george.c@example.com,Ergonomic Mesh Chair,Furniture,Europe,1,350.00,0.0,350.00,Completed
ORD-000654,2026-09-20,Fiona Gallagher,fiona.g@example.com,Security Audit Suite Pro,Software & Cloud,North America,2,450.00,0.0,900.00,Pending
ORD-000655,2026-09-13,George Clark,george.c@example.com,Heavy-Duty Desktop Stapler,Office Supplies,Asia Pacific,1,18.00,0.0,18.00,Completed
ORD-000656,2026-06-25,Julia Roberts,julia.r@example.com,SalesPulse Enterprise Annual License,Software & Cloud,Middle East,2,1200.00,0.0,2400.00,Refunded
ORD-000657,2026-05-01,Julia Roberts,julia.r@example.com,Heavy-Duty Desktop Stapler,Office Supplies,Middle East,1,18.00,15.0,15.30,Completed
ORD-000658,2026-05-22,Charlie Zhang,charlie.z@example.com,Dell XPS 15,Electronics,Middle East,4,1899.00,0.0,7596.00,Pending
ORD-000659,2026-07-25,Alice Walker,alice.w@example.com,Team Workspace Cloud Storage (1TB),Software & Cloud,Asia Pacific,2,120.00,0.0,240.00,Completed
ORD-000660,2026-07-19,Charlie Zhang,charlie.z@example.com,Electric Standing Desk 60x30,Furniture,Asia Pacific,1,580.00,0.0,580.00,Completed
ORD-000661,2026-05-01,Evan Hughes,evan.h@example.com,Team Workspace Cloud Storage (1TB),Software & Cloud,Middle East,2,120.00,20.0,192.00,Completed
ORD-000662,2026-08-12,Bob Martinez,bob.m@example.com,Sony WH-1000XM5 Headphones,Electronics,Europe,1,399.00,0.0,399.00,Completed
ORD-000663,2026-05-06,Alice Walker,alice.w@example.com,API Gateway Developer Pass,Software & Cloud,Europe,2,299.00,0.0,598.00,Refunded
ORD-000664,2026-05-27,Bob Martinez,bob.m@example.com,LED Desk Lamp with Wireless Charger,Furniture,Asia Pacific,2,45.00,0.0,90.00,Completed
ORD-000665,2026-09-13,Alice Walker,alice.w@example.com,Gel Pen Set (12-pack),Office Supplies,North America,2,14.50,0.0,29.00,Pending
ORD-000666,2026-04-06,Evan Hughes,evan.h@example.com,Team Workspace Cloud Storage (1TB),Software & Cloud,Middle East,1,120.00,0.0,120.00,Completed
ORD-000667,2026-06-13,Alice Walker,alice.w@example.com,Electric Standing Desk 60x30,Furniture,Middle East,3,580.00,5.0,1653.00,Completed
ORD-000668,2026-06-02,Ian Malcolm,ian.m@example.com,Security Audit Suite Pro,Software & Cloud,Europe,1,450.00,5.0,427.50,Refunded
ORD-000669,2026-08-07,George Clark,george.c@example.com,Security Audit Suite Pro,Software & Cloud,Middle East,3,450.00,0.0,1350.00,Completed
ORD-000670,2026-07-15,Diana Prince,diana.p@example.com,Under-desk Footrest,Furniture,Asia Pacific,2,35.00,0.0,70.00,Pending
ORD-000671,2026-05-09,Hannah Abbott,hannah.a@example.com,API Gateway Developer Pass,Software & Cloud,Europe,1,299.00,10.0,269.10,Pending
ORD-000672,2026-05-13,Alice Walker,alice.w@example.com,SalesPulse Enterprise Annual License,Software & Cloud,Asia Pacific,1,1200.00,10.0,1080.00,Completed
ORD-000673,2026-05-21,Fiona Gallagher,fiona.g@example.com,LED Desk Lamp with Wireless Charger,Furniture,Asia Pacific,1,45.00,0.0,45.00,Completed
ORD-000674,2026-05-06,Bob Martinez,bob.m@example.com,Gel Pen Set (12-pack),Office Supplies,Asia Pacific,3,14.50,15.0,36.98,Completed
ORD-000675,2026-05-16,Julia Roberts,julia.r@example.com,Heavy-Duty Desktop Stapler,Office Supplies,Europe,1,18.00,0.0,18.00,Completed
ORD-000676,2026-06-09,George Clark,george.c@example.com,SalesPulse Enterprise Annual License,Software & Cloud,Middle East,1,1200.00,20.0,960.00,Completed
ORD-000677,2026-04-04,Ian Malcolm,ian.m@example.com,Dry Erase Magnetic Whiteboard,Office Supplies,North America,4,89.00,0.0,356.00,Completed
ORD-000678,2026-06-11,Fiona Gallagher,fiona.g@example.com,Security Audit Suite Pro,Software & Cloud,Middle East,1,450.00,5.0,427.50,Completed
ORD-000679,2026-08-21,Alice Walker,alice.w@example.com,Heavy-Duty Desktop Stapler,Office Supplies,Asia Pacific,1,18.00,0.0,18.00,Completed
ORD-000680,2026-09-12,Evan Hughes,evan.h@example.com,Under-desk Footrest,Furniture,Middle East,1,35.00,0.0,35.00,Completed
ORD-000681,2026-05-17,Bob Martinez,bob.m@example.com,Dry Erase Magnetic Whiteboard,Office Supplies,Asia Pacific,2,89.00,5.0,169.10,Pending
ORD-000682,2026-08-12,Charlie Zhang,charlie.z@example.com,Security Audit Suite Pro,Software & Cloud,Europe,1,450.00,20.0,360.00,Pending
ORD-000683,2026-05-25,George Clark,george.c@example.com,Ergonomic Mesh Chair,Furniture,Asia Pacific,3,350.00,0.0,1050.00,Completed
ORD-000684,2026-05-22,Ian Malcolm,ian.m@example.com,Dry Erase Magnetic Whiteboard,Office Supplies,Middle East,1,89.00,0.0,89.00,Completed
ORD-000685,2026-06-30,Hannah Abbott,hannah.a@example.com,MacBook Pro 16,Electronics,Europe,2,2499.00,0.0,4998.00,Completed
ORD-000686,2026-07-18,Charlie Zhang,charlie.z@example.com,Under-desk Footrest,Furniture,Middle East,1,35.00,0.0,35.00,Completed
ORD-000687,2026-05-05,Fiona Gallagher,fiona.g@example.com,Sony WH-1000XM5 Headphones,Electronics,North America,1,399.00,20.0,319.20,Pending
ORD-000688,2026-09-19,Fiona Gallagher,fiona.g@example.com,Team Workspace Cloud Storage (1TB),Software & Cloud,Asia Pacific,2,120.00,0.0,240.00,Refunded
ORD-000689,2026-07-20,Charlie Zhang,charlie.z@example.com,API Gateway Developer Pass,Software & Cloud,North America,1,299.00,15.0,254.15,Refunded
ORD-000690,2026-09-15,Fiona Gallagher,fiona.g@example.com,Cable Management Kit,Office Supplies,North America,1,19.99,0.0,19.99,Pending
ORD-000691,2026-05-07,Alice Walker,alice.w@example.com,Cable Management Kit,Office Supplies,Latin America,3,19.99,0.0,59.97,Completed
ORD-000692,2026-04-30,George Clark,george.c@example.com,Cable Management Kit,Office Supplies,Europe,3,19.99,0.0,59.97,Pending
ORD-000693,2026-09-10,Charlie Zhang,charlie.z@example.com,Under-desk Footrest,Furniture,North America,1,35.00,0.0,35.00,Completed
ORD-000694,2026-08-25,Charlie Zhang,charlie.z@example.com,Dual Monitor Arm Mount,Furniture,Europe,1,75.00,0.0,75.00,Refunded
ORD-000695,2026-05-25,Hannah Abbott,hannah.a@example.com,LED Desk Lamp with Wireless Charger,Furniture,Europe,1,45.00,0.0,45.00,Completed
ORD-000696,2026-05-14,Evan Hughes,evan.h@example.com,Apple iPad Air M2,Electronics,North America,1,599.00,0.0,599.00,Pending
ORD-000697,2026-09-08,Diana Prince,diana.p@example.com,API Gateway Developer Pass,Software & Cloud,Latin America,1,299.00,10.0,269.10,Completed
ORD-000698,2026-05-10,Julia Roberts,julia.r@example.com,Under-desk Footrest,Furniture,Latin America,5,35.00,20.0,140.00,Completed
ORD-000699,2026-08-11,Alice Walker,alice.w@example.com,Dry Erase Magnetic Whiteboard,Office Supplies,Europe,2,89.00,0.0,178.00,Completed
ORD-000700,2026-05-14,Fiona Gallagher,fiona.g@example.com,Cable Management Kit,Office Supplies,Latin America,2,19.99,0.0,39.98,Completed
ORD-000701,2026-07-31,Ian Malcolm,ian.m@example.com,API Gateway Developer Pass,Software & Cloud,North America,1,299.00,5.0,284.05,Completed
ORD-000702,2026-07-06,Ian Malcolm,ian.m@example.com,Ergonomic Mesh Chair,Furniture,North America,1,350.00,0.0,350.00,Completed
ORD-000703,2026-09-19,Hannah Abbott,hannah.a@example.com,Dual Monitor Arm Mount,Furniture,Latin America,2,75.00,0.0,150.00,Completed
ORD-000704,2026-05-06,Diana Prince,diana.p@example.com,Samsung 4K 32-inch Monitor,Electronics,Europe,3,499.00,0.0,1497.00,Completed
ORD-000705,2026-08-24,George Clark,george.c@example.com,Heavy-Duty Desktop Stapler,Office Supplies,Middle East,1,18.00,0.0,18.00,Refunded
ORD-000706,2026-07-19,Evan Hughes,evan.h@example.com,Team Workspace Cloud Storage (1TB),Software & Cloud,North America,1,120.00,0.0,120.00,Completed
ORD-000707,2026-03-28,Julia Roberts,julia.r@example.com,Cable Management Kit,Office Supplies,Latin America,2,19.99,0.0,39.98,Completed
ORD-000708,2026-06-07,Charlie Zhang,charlie.z@example.com,MacBook Pro 16,Electronics,Asia Pacific,2,2499.00,0.0,4998.00,Completed
ORD-000709,2026-04-10,Julia Roberts,julia.r@example.com,Team Workspace Cloud Storage (1TB),Software & Cloud,Latin America,2,120.00,0.0,240.00,Completed
ORD-000710,2026-06-25,Hannah Abbott,hannah.a@example.com,API Gateway Developer Pass,Software & Cloud,Latin America,3,299.00,0.0,897.00,Completed
ORD-000711,2026-09-10,Ian Malcolm,ian.m@example.com,Security Audit Suite Pro,Software & Cloud,North America,10,450.00,0.0,4500.00,Completed
ORD-000712,2026-07-28,Diana Prince,diana.p@example.com,SalesPulse Enterprise Annual License,Software & Cloud,Europe,1,1200.00,0.0,1200.00,Pending
ORD-000713,2026-08-17,Evan Hughes,evan.h@example.com,Dual Monitor Arm Mount,Furniture,Latin America,2,75.00,0.0,150.00,Completed
ORD-000714,2026-05-05,Charlie Zhang,charlie.z@example.com,Dry Erase Magnetic Whiteboard,Office Supplies,Asia Pacific,4,89.00,5.0,338.20,Completed
ORD-000715,2026-07-30,George Clark,george.c@example.com,LED Desk Lamp with Wireless Charger,Furniture,North America,3,45.00,15.0,114.75,Completed
ORD-000716,2026-04-27,Charlie Zhang,charlie.z@example.com,Electric Standing Desk 60x30,Furniture,North America,4,580.00,0.0,2320.00,Completed
ORD-000717,2026-04-30,Charlie Zhang,charlie.z@example.com,SalesPulse Enterprise Annual License,Software & Cloud,Latin America,2,1200.00,0.0,2400.00,Pending
ORD-000718,2026-08-27,Alice Walker,alice.w@example.com,Heavy-Duty Desktop Stapler,Office Supplies,Asia Pacific,1,18.00,0.0,18.00,Refunded
ORD-000719,2026-04-23,Fiona Gallagher,fiona.g@example.com,Logitech MX Master 3S,Electronics,North America,1,99.00,0.0,99.00,Completed
ORD-000720,2026-08-29,Ian Malcolm,ian.m@example.com,Premium Hardcover Notebooks (Pack of 3),Office Supplies,Asia Pacific,4,24.99,0.0,99.96,Pending
ORD-000721,2026-07-10,Alice Walker,alice.w@example.com,Premium Hardcover Notebooks (Pack of 3),Office Supplies,Asia Pacific,1,24.99,0.0,24.99,Refunded
ORD-000722,2026-07-11,Evan Hughes,evan.h@example.com,Cable Management Kit,Office Supplies,North America,1,19.99,0.0,19.99,Completed
ORD-000723,2026-07-18,Bob Martinez,bob.m@example.com,Under-desk Footrest,Furniture,Europe,3,35.00,0.0,105.00,Refunded
ORD-000724,2026-06-01,Ian Malcolm,ian.m@example.com,Dry Erase Magnetic Whiteboard,Office Supplies,Middle East,1,89.00,0.0,89.00,Completed
ORD-000725,2026-06-04,Fiona Gallagher,fiona.g@example.com,Team Workspace Cloud Storage (1TB),Software & Cloud,North America,1,120.00,0.0,120.00,Refunded
ORD-000726,2026-07-18,Alice Walker,alice.w@example.com,Apple iPad Air M2,Electronics,Asia Pacific,2,599.00,0.0,1198.00,Completed
ORD-000727,2026-05-05,Julia Roberts,julia.r@example.com,API Gateway Developer Pass,Software & Cloud,Middle East,2,299.00,0.0,598.00,Completed
ORD-000728,2026-06-30,Bob Martinez,bob.m@example.com,Samsung 4K 32-inch Monitor,Electronics,Europe,1,499.00,0.0,499.00,Completed
ORD-000729,2026-05-03,Alice Walker,alice.w@example.com,Electric Standing Desk 60x30,Furniture,Asia Pacific,2,580.00,10.0,1044.00,Pending
ORD-000730,2026-04-05,Evan Hughes,evan.h@example.com,Gel Pen Set (12-pack),Office Supplies,Asia Pacific,2,14.50,0.0,29.00,Completed
ORD-000731,2026-06-20,Charlie Zhang,charlie.z@example.com,Cable Management Kit,Office Supplies,North America,2,19.99,10.0,35.98,Completed
ORD-000732,2026-06-01,Diana Prince,diana.p@example.com,LED Desk Lamp with Wireless Charger,Furniture,Middle East,2,45.00,0.0,90.00,Completed
ORD-000733,2026-04-19,Alice Walker,alice.w@example.com,Under-desk Footrest,Furniture,North America,1,35.00,15.0,29.75,Refunded
ORD-000734,2026-05-31,Charlie Zhang,charlie.z@example.com,Ergonomic Mesh Chair,Furniture,North America,2,350.00,15.0,595.00,Pending
ORD-000735,2026-03-28,Bob Martinez,bob.m@example.com,Sony WH-1000XM5 Headphones,Electronics,North America,1,399.00,0.0,399.00,Completed
ORD-000736,2026-09-24,Fiona Gallagher,fiona.g@example.com,Ergonomic Mesh Chair,Furniture,Middle East,3,350.00,5.0,997.50,Completed
ORD-000737,2026-09-09,Julia Roberts,julia.r@example.com,Team Workspace Cloud Storage (1TB),Software & Cloud,Middle East,1,120.00,0.0,120.00,Completed
ORD-000738,2026-06-25,Bob Martinez,bob.m@example.com,Premium Hardcover Notebooks (Pack of 3),Office Supplies,Middle East,1,24.99,5.0,23.74,Completed
ORD-000739,2026-06-24,Julia Roberts,julia.r@example.com,Gel Pen Set (12-pack),Office Supplies,Latin America,4,14.50,0.0,58.00,Refunded
ORD-000740,2026-04-10,Julia Roberts,julia.r@example.com,Gel Pen Set (12-pack),Office Supplies,Middle East,1,14.50,5.0,13.77,Completed
ORD-000741,2026-06-02,Evan Hughes,evan.h@example.com,SalesPulse Enterprise Annual License,Software & Cloud,Europe,2,1200.00,10.0,2160.00,Refunded
ORD-000742,2026-05-16,Julia Roberts,julia.r@example.com,Dual Monitor Arm Mount,Furniture,Latin America,1,75.00,0.0,75.00,Pending
ORD-000743,2026-09-01,George Clark,george.c@example.com,Sony WH-1000XM5 Headphones,Electronics,Asia Pacific,1,399.00,20.0,319.20,Pending
ORD-000744,2026-07-04,Evan Hughes,evan.h@example.com,Apple iPad Air M2,Electronics,North America,1,599.00,0.0,599.00,Completed
ORD-000745,2026-08-07,Alice Walker,alice.w@example.com,Electric Standing Desk 60x30,Furniture,Asia Pacific,2,580.00,0.0,1160.00,Pending
ORD-000746,2026-04-27,Fiona Gallagher,fiona.g@example.com,Team Workspace Cloud Storage (1TB),Software & Cloud,Latin America,2,120.00,10.0,216.00,Completed
ORD-000747,2026-09-16,Fiona Gallagher,fiona.g@example.com,Security Audit Suite Pro,Software & Cloud,Europe,1,450.00,15.0,382.50,Refunded
ORD-000748,2026-08-18,Ian Malcolm,ian.m@example.com,LED Desk Lamp with Wireless Charger,Furniture,Middle East,1,45.00,0.0,45.00,Completed
ORD-000749,2026-06-15,Julia Roberts,julia.r@example.com,Gel Pen Set (12-pack),Office Supplies,Europe,1,14.50,0.0,14.50,Refunded
ORD-000750,2026-06-10,Diana Prince,diana.p@example.com,Samsung 4K 32-inch Monitor,Electronics,Europe,1,499.00,5.0,474.05,Completed
ORD-000751,2026-07-25,Fiona Gallagher,fiona.g@example.com,SalesPulse Enterprise Annual License,Software & Cloud,Middle East,3,1200.00,10.0,3240.00,Completed
ORD-000752,2026-06-24,Hannah Abbott,hannah.a@example.com,Cable Management Kit,Office Supplies,Europe,1,19.99,0.0,19.99,Completed
ORD-000753,2026-08-11,Julia Roberts,julia.r@example.com,Dell XPS 15,Electronics,Middle East,1,1899.00,5.0,1804.05,Pending
ORD-000754,2026-04-26,Evan Hughes,evan.h@example.com,Logitech MX Master 3S,Electronics,Latin America,1,99.00,10.0,89.10,Refunded
ORD-000755,2026-04-16,George Clark,george.c@example.com,Gel Pen Set (12-pack),Office Supplies,Asia Pacific,1,14.50,0.0,14.50,Completed
ORD-000756,2026-05-17,Evan Hughes,evan.h@example.com,Samsung 4K 32-inch Monitor,Electronics,Asia Pacific,1,499.00,5.0,474.05,Pending
ORD-000757,2026-08-30,Fiona Gallagher,fiona.g@example.com,Sony WH-1000XM5 Headphones,Electronics,North America,10,399.00,0.0,3990.00,Completed
ORD-000758,2026-07-22,Diana Prince,diana.p@example.com,Under-desk Footrest,Furniture,North America,2,35.00,0.0,70.00,Completed
ORD-000759,2026-08-10,Fiona Gallagher,fiona.g@example.com,Heavy-Duty Desktop Stapler,Office Supplies,Middle East,1,18.00,0.0,18.00,Completed
ORD-000760,2026-07-14,Julia Roberts,julia.r@example.com,Security Audit Suite Pro,Software & Cloud,Middle East,2,450.00,0.0,900.00,Completed
ORD-000761,2026-06-21,Diana Prince,diana.p@example.com,Heavy-Duty Desktop Stapler,Office Supplies,Latin America,5,18.00,15.0,76.50,Completed
ORD-000762,2026-06-13,Fiona Gallagher,fiona.g@example.com,Security Audit Suite Pro,Software & Cloud,Europe,4,450.00,0.0,1800.00,Completed
ORD-000763,2026-06-18,Hannah Abbott,hannah.a@example.com,Electric Standing Desk 60x30,Furniture,North America,1,580.00,0.0,580.00,Refunded
ORD-000764,2026-08-24,Bob Martinez,bob.m@example.com,Logitech MX Master 3S,Electronics,Europe,3,99.00,0.0,297.00,Completed
ORD-000765,2026-04-12,Alice Walker,alice.w@example.com,Apple iPad Air M2,Electronics,Asia Pacific,1,599.00,15.0,509.15,Refunded
ORD-000766,2026-07-23,Bob Martinez,bob.m@example.com,Dell XPS 15,Electronics,North America,2,1899.00,0.0,3798.00,Completed
ORD-000767,2026-04-22,Charlie Zhang,charlie.z@example.com,Sony WH-1000XM5 Headphones,Electronics,Asia Pacific,1,399.00,0.0,399.00,Completed
ORD-000768,2026-09-05,Charlie Zhang,charlie.z@example.com,Dell XPS 15,Electronics,Asia Pacific,2,1899.00,0.0,3798.00,Completed
ORD-000769,2026-05-22,Hannah Abbott,hannah.a@example.com,Logitech MX Master 3S,Electronics,North America,3,99.00,0.0,297.00,Completed
ORD-000770,2026-06-24,Hannah Abbott,hannah.a@example.com,API Gateway Developer Pass,Software & Cloud,Asia Pacific,3,299.00,0.0,897.00,Completed
ORD-000771,2026-04-11,George Clark,george.c@example.com,Cable Management Kit,Office Supplies,North America,2,19.99,15.0,33.98,Pending
ORD-000772,2026-08-05,Fiona Gallagher,fiona.g@example.com,Ergonomic Mesh Chair,Furniture,Middle East,1,350.00,20.0,280.00,Completed
ORD-000773,2026-05-06,George Clark,george.c@example.com,Heavy-Duty Desktop Stapler,Office Supplies,Middle East,4,18.00,15.0,61.20,Refunded
ORD-000774,2026-09-22,Ian Malcolm,ian.m@example.com,Heavy-Duty Desktop Stapler,Office Supplies,Asia Pacific,1,18.00,10.0,16.20,Pending
ORD-000775,2026-05-17,Evan Hughes,evan.h@example.com,API Gateway Developer Pass,Software & Cloud,Asia Pacific,2,299.00,0.0,598.00,Refunded
ORD-000776,2026-06-14,Hannah Abbott,hannah.a@example.com,Security Audit Suite Pro,Software & Cloud,Asia Pacific,2,450.00,10.0,810.00,Refunded
ORD-000777,2026-07-09,George Clark,george.c@example.com,Gel Pen Set (12-pack),Office Supplies,Latin America,3,14.50,0.0,43.50,Refunded
ORD-000778,2026-06-11,George Clark,george.c@example.com,Dual Monitor Arm Mount,Furniture,Latin America,1,75.00,0.0,75.00,Completed
ORD-000779,2026-04-23,Evan Hughes,evan.h@example.com,Heavy-Duty Desktop Stapler,Office Supplies,Middle East,1,18.00,10.0,16.20,Completed
ORD-000780,2026-04-24,Julia Roberts,julia.r@example.com,LED Desk Lamp with Wireless Charger,Furniture,Europe,2,45.00,0.0,90.00,Pending
ORD-000781,2026-09-19,Alice Walker,alice.w@example.com,API Gateway Developer Pass,Software & Cloud,Middle East,1,299.00,15.0,254.15,Completed
ORD-000782,2026-07-30,Charlie Zhang,charlie.z@example.com,LED Desk Lamp with Wireless Charger,Furniture,North America,2,45.00,0.0,90.00,Pending
ORD-000783,2026-05-19,George Clark,george.c@example.com,Security Audit Suite Pro,Software & Cloud,North America,2,450.00,0.0,900.00,Refunded
ORD-000784,2026-07-20,George Clark,george.c@example.com,Premium Hardcover Notebooks (Pack of 3),Office Supplies,Middle East,4,24.99,0.0,99.96,Completed
ORD-000785,2026-04-06,Fiona Gallagher,fiona.g@example.com,API Gateway Developer Pass,Software & Cloud,Latin America,2,299.00,0.0,598.00,Completed
ORD-000786,2026-07-22,George Clark,george.c@example.com,LED Desk Lamp with Wireless Charger,Furniture,North America,1,45.00,5.0,42.75,Completed
ORD-000787,2026-08-29,Evan Hughes,evan.h@example.com,LED Desk Lamp with Wireless Charger,Furniture,North America,1,45.00,0.0,45.00,Completed
ORD-000788,2026-05-26,Fiona Gallagher,fiona.g@example.com,Dual Monitor Arm Mount,Furniture,Europe,1,75.00,0.0,75.00,Completed
ORD-000789,2026-04-09,George Clark,george.c@example.com,Premium Hardcover Notebooks (Pack of 3),Office Supplies,Middle East,1,24.99,20.0,19.99,Refunded
ORD-000790,2026-08-28,Julia Roberts,julia.r@example.com,Electric Standing Desk 60x30,Furniture,Middle East,1,580.00,5.0,551.00,Completed
ORD-000791,2026-08-16,Julia Roberts,julia.r@example.com,Heavy-Duty Desktop Stapler,Office Supplies,Middle East,2,18.00,0.0,36.00,Completed
ORD-000792,2026-07-30,Diana Prince,diana.p@example.com,Heavy-Duty Desktop Stapler,Office Supplies,Europe,1,18.00,0.0,18.00,Completed
ORD-000793,2026-06-01,Alice Walker,alice.w@example.com,Gel Pen Set (12-pack),Office Supplies,North America,2,14.50,0.0,29.00,Completed
ORD-000794,2026-07-31,Bob Martinez,bob.m@example.com,Under-desk Footrest,Furniture,Europe,1,35.00,0.0,35.00,Pending
ORD-000795,2026-05-03,Alice Walker,alice.w@example.com,API Gateway Developer Pass,Software & Cloud,Middle East,2,299.00,5.0,568.10,Completed
ORD-000796,2026-05-11,Alice Walker,alice.w@example.com,Samsung 4K 32-inch Monitor,Electronics,Asia Pacific,3,499.00,0.0,1497.00,Completed
ORD-000797,2026-03-30,Diana Prince,diana.p@example.com,MacBook Pro 16,Electronics,Middle East,2,2499.00,0.0,4998.00,Completed
ORD-000798,2026-08-04,Hannah Abbott,hannah.a@example.com,Premium Hardcover Notebooks (Pack of 3),Office Supplies,Europe,1,24.99,0.0,24.99,Refunded
ORD-000799,2026-06-24,Ian Malcolm,ian.m@example.com,Dell XPS 15,Electronics,Asia Pacific,1,1899.00,0.0,1899.00,Completed
ORD-000800,2026-09-15,George Clark,george.c@example.com,Security Audit Suite Pro,Software & Cloud,Latin America,2,450.00,10.0,810.00,Completed
ORD-000801,2026-06-08,Charlie Zhang,charlie.z@example.com,Under-desk Footrest,Furniture,Middle East,1,35.00,5.0,33.25,Refunded
ORD-000802,2026-09-10,Fiona Gallagher,fiona.g@example.com,Samsung 4K 32-inch Monitor,Electronics,Asia Pacific,2,499.00,0.0,998.00,Completed
ORD-000803,2026-08-02,Diana Prince,diana.p@example.com,Dell XPS 15,Electronics,Asia Pacific,1,1899.00,15.0,1614.15,Completed
ORD-000804,2026-07-24,Julia Roberts,julia.r@example.com,Security Audit Suite Pro,Software & Cloud,Middle East,2,450.00,0.0,900.00,Completed
ORD-000805,2026-07-30,Hannah Abbott,hannah.a@example.com,Team Workspace Cloud Storage (1TB),Software & Cloud,Middle East,2,120.00,15.0,204.00,Refunded
ORD-000806,2026-09-09,Hannah Abbott,hannah.a@example.com,Under-desk Footrest,Furniture,Asia Pacific,1,35.00,5.0,33.25,Refunded
ORD-000807,2026-08-01,Julia Roberts,julia.r@example.com,Security Audit Suite Pro,Software & Cloud,Asia Pacific,3,450.00,0.0,1350.00,Pending
ORD-000808,2026-04-29,Charlie Zhang,charlie.z@example.com,Dell XPS 15,Electronics,Asia Pacific,2,1899.00,0.0,3798.00,Pending
ORD-000809,2026-09-03,Bob Martinez,bob.m@example.com,Dual Monitor Arm Mount,Furniture,North America,1,75.00,0.0,75.00,Completed
ORD-000810,2026-09-22,Hannah Abbott,hannah.a@example.com,Dell XPS 15,Electronics,Middle East,1,1899.00,20.0,1519.20,Pending
ORD-000811,2026-07-02,Evan Hughes,evan.h@example.com,Apple iPad Air M2,Electronics,Middle East,1,599.00,5.0,569.05,Completed
ORD-000812,2026-05-12,Evan Hughes,evan.h@example.com,Dell XPS 15,Electronics,Middle East,1,1899.00,10.0,1709.10,Completed
ORD-000813,2026-04-02,Hannah Abbott,hannah.a@example.com,API Gateway Developer Pass,Software & Cloud,Asia Pacific,3,299.00,5.0,852.15,Pending
ORD-000814,2026-09-24,George Clark,george.c@example.com,Electric Standing Desk 60x30,Furniture,Latin America,2,580.00,15.0,986.00,Completed
ORD-000815,2026-08-23,Ian Malcolm,ian.m@example.com,Electric Standing Desk 60x30,Furniture,Asia Pacific,2,580.00,0.0,1160.00,Completed
ORD-000816,2026-05-01,Julia Roberts,julia.r@example.com,LED Desk Lamp with Wireless Charger,Furniture,Middle East,3,45.00,0.0,135.00,Completed
ORD-000817,2026-08-20,Ian Malcolm,ian.m@example.com,Under-desk Footrest,Furniture,North America,2,35.00,0.0,70.00,Completed
ORD-000818,2026-09-07,Bob Martinez,bob.m@example.com,Dell XPS 15,Electronics,North America,1,1899.00,0.0,1899.00,Completed
ORD-000819,2026-06-20,Ian Malcolm,ian.m@example.com,Dry Erase Magnetic Whiteboard,Office Supplies,Europe,2,89.00,5.0,169.10,Completed
ORD-000820,2026-05-10,Julia Roberts,julia.r@example.com,Samsung 4K 32-inch Monitor,Electronics,Latin America,1,499.00,0.0,499.00,Pending
ORD-000821,2026-05-23,Bob Martinez,bob.m@example.com,Sony WH-1000XM5 Headphones,Electronics,Latin America,3,399.00,0.0,1197.00,Completed
ORD-000822,2026-06-24,Diana Prince,diana.p@example.com,Gel Pen Set (12-pack),Office Supplies,Middle East,10,14.50,0.0,145.00,Completed
ORD-000823,2026-06-06,Alice Walker,alice.w@example.com,Sony WH-1000XM5 Headphones,Electronics,North America,1,399.00,10.0,359.10,Completed
ORD-000824,2026-06-13,Charlie Zhang,charlie.z@example.com,Gel Pen Set (12-pack),Office Supplies,North America,1,14.50,0.0,14.50,Completed
ORD-000825,2026-07-03,Hannah Abbott,hannah.a@example.com,Cable Management Kit,Office Supplies,Middle East,1,19.99,0.0,19.99,Completed
ORD-000826,2026-04-15,Julia Roberts,julia.r@example.com,Apple iPad Air M2,Electronics,Asia Pacific,3,599.00,0.0,1797.00,Completed
ORD-000827,2026-05-08,Hannah Abbott,hannah.a@example.com,Cable Management Kit,Office Supplies,Middle East,1,19.99,0.0,19.99,Completed
ORD-000828,2026-08-25,Alice Walker,alice.w@example.com,SalesPulse Enterprise Annual License,Software & Cloud,Middle East,2,1200.00,0.0,2400.00,Completed
ORD-000829,2026-04-13,Fiona Gallagher,fiona.g@example.com,Gel Pen Set (12-pack),Office Supplies,North America,1,14.50,0.0,14.50,Pending
ORD-000830,2026-04-29,Bob Martinez,bob.m@example.com,Security Audit Suite Pro,Software & Cloud,Latin America,2,450.00,0.0,900.00,Pending
ORD-000831,2026-08-22,Hannah Abbott,hannah.a@example.com,Heavy-Duty Desktop Stapler,Office Supplies,Asia Pacific,2,18.00,0.0,36.00,Pending
ORD-000832,2026-04-29,George Clark,george.c@example.com,Dual Monitor Arm Mount,Furniture,Asia Pacific,1,75.00,5.0,71.25,Completed
ORD-000833,2026-04-20,Julia Roberts,julia.r@example.com,API Gateway Developer Pass,Software & Cloud,Europe,1,299.00,0.0,299.00,Completed
ORD-000834,2026-09-08,Fiona Gallagher,fiona.g@example.com,Ergonomic Mesh Chair,Furniture,Latin America,1,350.00,20.0,280.00,Completed
ORD-000835,2026-08-27,Ian Malcolm,ian.m@example.com,LED Desk Lamp with Wireless Charger,Furniture,Middle East,3,45.00,10.0,121.50,Completed
ORD-000836,2026-05-30,Charlie Zhang,charlie.z@example.com,Security Audit Suite Pro,Software & Cloud,Asia Pacific,3,450.00,0.0,1350.00,Completed
ORD-000837,2026-07-10,Charlie Zhang,charlie.z@example.com,Under-desk Footrest,Furniture,Latin America,1,35.00,0.0,35.00,Completed
ORD-000838,2026-06-05,Diana Prince,diana.p@example.com,API Gateway Developer Pass,Software & Cloud,Middle East,4,299.00,0.0,1196.00,Pending
ORD-000839,2026-06-20,George Clark,george.c@example.com,Gel Pen Set (12-pack),Office Supplies,Europe,1,14.50,0.0,14.50,Completed
ORD-000840,2026-06-01,Alice Walker,alice.w@example.com,Sony WH-1000XM5 Headphones,Electronics,Asia Pacific,2,399.00,0.0,798.00,Completed
ORD-000841,2026-07-03,Fiona Gallagher,fiona.g@example.com,API Gateway Developer Pass,Software & Cloud,Latin America,1,299.00,0.0,299.00,Completed
ORD-000842,2026-06-26,Bob Martinez,bob.m@example.com,LED Desk Lamp with Wireless Charger,Furniture,North America,1,45.00,0.0,45.00,Completed
ORD-000843,2026-09-02,Julia Roberts,julia.r@example.com,Dual Monitor Arm Mount,Furniture,Latin America,3,75.00,0.0,225.00,Completed
ORD-000844,2026-09-01,Bob Martinez,bob.m@example.com,Dell XPS 15,Electronics,Middle East,1,1899.00,10.0,1709.10,Completed
ORD-000845,2026-09-06,Bob Martinez,bob.m@example.com,Samsung 4K 32-inch Monitor,Electronics,Europe,1,499.00,0.0,499.00,Completed
ORD-000846,2026-07-29,Julia Roberts,julia.r@example.com,Heavy-Duty Desktop Stapler,Office Supplies,North America,1,18.00,15.0,15.30,Completed
ORD-000847,2026-08-08,Charlie Zhang,charlie.z@example.com,Dell XPS 15,Electronics,Asia Pacific,2,1899.00,0.0,3798.00,Completed
ORD-000848,2026-09-17,Julia Roberts,julia.r@example.com,Dry Erase Magnetic Whiteboard,Office Supplies,Europe,1,89.00,0.0,89.00,Pending
ORD-000849,2026-04-29,Diana Prince,diana.p@example.com,Sony WH-1000XM5 Headphones,Electronics,Europe,1,399.00,0.0,399.00,Completed
ORD-000850,2026-09-02,Diana Prince,diana.p@example.com,SalesPulse Enterprise Annual License,Software & Cloud,Europe,1,1200.00,5.0,1140.00,Completed
ORD-000851,2026-07-29,Diana Prince,diana.p@example.com,Premium Hardcover Notebooks (Pack of 3),Office Supplies,Asia Pacific,3,24.99,0.0,74.97,Completed
ORD-000852,2026-05-08,Evan Hughes,evan.h@example.com,Sony WH-1000XM5 Headphones,Electronics,Asia Pacific,1,399.00,15.0,339.15,Completed
ORD-000853,2026-09-06,Julia Roberts,julia.r@example.com,Security Audit Suite Pro,Software & Cloud,Europe,3,450.00,10.0,1215.00,Completed
ORD-000854,2026-07-26,Hannah Abbott,hannah.a@example.com,Gel Pen Set (12-pack),Office Supplies,North America,1,14.50,0.0,14.50,Completed
ORD-000855,2026-04-04,Diana Prince,diana.p@example.com,Ergonomic Mesh Chair,Furniture,North America,4,350.00,0.0,1400.00,Refunded
ORD-000856,2026-06-09,George Clark,george.c@example.com,Security Audit Suite Pro,Software & Cloud,Latin America,1,450.00,10.0,405.00,Pending
ORD-000857,2026-08-06,Alice Walker,alice.w@example.com,Samsung 4K 32-inch Monitor,Electronics,Asia Pacific,2,499.00,0.0,998.00,Completed
ORD-000858,2026-06-23,Julia Roberts,julia.r@example.com,MacBook Pro 16,Electronics,Asia Pacific,3,2499.00,20.0,5997.60,Refunded
ORD-000859,2026-06-12,Alice Walker,alice.w@example.com,Gel Pen Set (12-pack),Office Supplies,North America,1,14.50,0.0,14.50,Refunded
ORD-000860,2026-09-03,Charlie Zhang,charlie.z@example.com,Under-desk Footrest,Furniture,Asia Pacific,3,35.00,0.0,105.00,Completed
ORD-000861,2026-05-04,Charlie Zhang,charlie.z@example.com,Heavy-Duty Desktop Stapler,Office Supplies,Middle East,3,18.00,0.0,54.00,Completed
ORD-000862,2026-04-08,Julia Roberts,julia.r@example.com,Gel Pen Set (12-pack),Office Supplies,Europe,2,14.50,20.0,23.20,Pending
ORD-000863,2026-08-28,Bob Martinez,bob.m@example.com,LED Desk Lamp with Wireless Charger,Furniture,North America,2,45.00,10.0,81.00,Pending
ORD-000864,2026-07-31,Diana Prince,diana.p@example.com,Samsung 4K 32-inch Monitor,Electronics,Latin America,1,499.00,15.0,424.15,Completed
ORD-000865,2026-03-30,Ian Malcolm,ian.m@example.com,Team Workspace Cloud Storage (1TB),Software & Cloud,Asia Pacific,1,120.00,5.0,114.00,Completed
ORD-000866,2026-04-10,Alice Walker,alice.w@example.com,Dry Erase Magnetic Whiteboard,Office Supplies,Middle East,2,89.00,0.0,178.00,Pending
ORD-000867,2026-09-13,George Clark,george.c@example.com,Ergonomic Mesh Chair,Furniture,Asia Pacific,2,350.00,0.0,700.00,Completed
ORD-000868,2026-05-10,Fiona Gallagher,fiona.g@example.com,Ergonomic Mesh Chair,Furniture,Latin America,1,350.00,0.0,350.00,Pending
ORD-000869,2026-08-19,Ian Malcolm,ian.m@example.com,Premium Hardcover Notebooks (Pack of 3),Office Supplies,North America,2,24.99,0.0,49.98,Completed
ORD-000870,2026-08-03,Evan Hughes,evan.h@example.com,Electric Standing Desk 60x30,Furniture,North America,2,580.00,5.0,1102.00,Pending
ORD-000871,2026-09-07,Charlie Zhang,charlie.z@example.com,Dell XPS 15,Electronics,Asia Pacific,2,1899.00,10.0,3418.20,Completed
ORD-000872,2026-07-21,Hannah Abbott,hannah.a@example.com,Gel Pen Set (12-pack),Office Supplies,North America,1,14.50,0.0,14.50,Completed
ORD-000873,2026-03-31,Evan Hughes,evan.h@example.com,Heavy-Duty Desktop Stapler,Office Supplies,Europe,3,18.00,15.0,45.90,Pending
ORD-000874,2026-08-05,George Clark,george.c@example.com,Cable Management Kit,Office Supplies,Middle East,1,19.99,0.0,19.99,Completed
ORD-000875,2026-04-16,Charlie Zhang,charlie.z@example.com,Electric Standing Desk 60x30,Furniture,Latin America,1,580.00,15.0,493.00,Completed
ORD-000876,2026-05-27,Ian Malcolm,ian.m@example.com,SalesPulse Enterprise Annual License,Software & Cloud,Europe,2,1200.00,5.0,2280.00,Refunded
ORD-000877,2026-04-13,Charlie Zhang,charlie.z@example.com,Logitech MX Master 3S,Electronics,Europe,1,99.00,0.0,99.00,Completed
ORD-000878,2026-04-11,Alice Walker,alice.w@example.com,Gel Pen Set (12-pack),Office Supplies,North America,1,14.50,0.0,14.50,Completed
ORD-000879,2026-04-29,Ian Malcolm,ian.m@example.com,Heavy-Duty Desktop Stapler,Office Supplies,Latin America,3,18.00,10.0,48.60,Pending
ORD-000880,2026-05-14,Bob Martinez,bob.m@example.com,Apple iPad Air M2,Electronics,Middle East,1,599.00,5.0,569.05,Completed
ORD-000881,2026-09-02,Julia Roberts,julia.r@example.com,Premium Hardcover Notebooks (Pack of 3),Office Supplies,North America,2,24.99,10.0,44.98,Refunded
ORD-000882,2026-05-24,George Clark,george.c@example.com,Premium Hardcover Notebooks (Pack of 3),Office Supplies,Europe,3,24.99,0.0,74.97,Completed
ORD-000883,2026-09-22,Julia Roberts,julia.r@example.com,Security Audit Suite Pro,Software & Cloud,Middle East,1,450.00,0.0,450.00,Refunded
ORD-000884,2026-08-14,Ian Malcolm,ian.m@example.com,Dual Monitor Arm Mount,Furniture,Europe,1,75.00,0.0,75.00,Pending
ORD-000885,2026-04-24,Evan Hughes,evan.h@example.com,Premium Hardcover Notebooks (Pack of 3),Office Supplies,Latin America,1,24.99,0.0,24.99,Completed
ORD-000886,2026-07-16,Alice Walker,alice.w@example.com,Sony WH-1000XM5 Headphones,Electronics,North America,3,399.00,20.0,957.60,Completed
ORD-000887,2026-09-18,Diana Prince,diana.p@example.com,Dell XPS 15,Electronics,Europe,5,1899.00,0.0,9495.00,Completed
ORD-000888,2026-03-29,Evan Hughes,evan.h@example.com,Premium Hardcover Notebooks (Pack of 3),Office Supplies,Asia Pacific,3,24.99,0.0,74.97,Completed
ORD-000889,2026-06-23,Diana Prince,diana.p@example.com,Ergonomic Mesh Chair,Furniture,Middle East,1,350.00,0.0,350.00,Completed
ORD-000890,2026-04-05,Hannah Abbott,hannah.a@example.com,Electric Standing Desk 60x30,Furniture,Asia Pacific,10,580.00,0.0,5800.00,Completed
ORD-000891,2026-04-08,Alice Walker,alice.w@example.com,API Gateway Developer Pass,Software & Cloud,Middle East,2,299.00,15.0,508.30,Completed
ORD-000892,2026-07-07,Hannah Abbott,hannah.a@example.com,Under-desk Footrest,Furniture,Latin America,1,35.00,15.0,29.75,Completed
ORD-000893,2026-09-10,Diana Prince,diana.p@example.com,Under-desk Footrest,Furniture,Latin America,1,35.00,0.0,35.00,Completed
ORD-000894,2026-07-16,Evan Hughes,evan.h@example.com,MacBook Pro 16,Electronics,Middle East,10,2499.00,0.0,24990.00,Completed
ORD-000895,2026-08-22,Evan Hughes,evan.h@example.com,Gel Pen Set (12-pack),Office Supplies,Middle East,1,14.50,0.0,14.50,Pending
ORD-000896,2026-07-25,George Clark,george.c@example.com,SalesPulse Enterprise Annual License,Software & Cloud,North America,4,1200.00,0.0,4800.00,Completed
ORD-000897,2026-09-13,George Clark,george.c@example.com,Dual Monitor Arm Mount,Furniture,North America,3,75.00,0.0,225.00,Refunded
ORD-000898,2026-08-13,Ian Malcolm,ian.m@example.com,SalesPulse Enterprise Annual License,Software & Cloud,Europe,1,1200.00,5.0,1140.00,Completed
ORD-000899,2026-07-08,Charlie Zhang,charlie.z@example.com,API Gateway Developer Pass,Software & Cloud,Latin America,1,299.00,0.0,299.00,Completed
ORD-000900,2026-08-21,Fiona Gallagher,fiona.g@example.com,Electric Standing Desk 60x30,Furniture,Latin America,2,580.00,0.0,1160.00,Completed
ORD-000901,2026-04-11,Bob Martinez,bob.m@example.com,MacBook Pro 16,Electronics,Asia Pacific,5,2499.00,5.0,11870.25,Refunded
ORD-000902,2026-07-31,Julia Roberts,julia.r@example.com,API Gateway Developer Pass,Software & Cloud,North America,2,299.00,0.0,598.00,Completed
ORD-000903,2026-04-12,Fiona Gallagher,fiona.g@example.com,Gel Pen Set (12-pack),Office Supplies,North America,1,14.50,5.0,13.77,Refunded
ORD-000904,2026-04-06,Hannah Abbott,hannah.a@example.com,Under-desk Footrest,Furniture,Latin America,4,35.00,15.0,119.00,Completed
ORD-000905,2026-08-01,Alice Walker,alice.w@example.com,Dell XPS 15,Electronics,Asia Pacific,1,1899.00,5.0,1804.05,Completed
ORD-000906,2026-08-23,Diana Prince,diana.p@example.com,API Gateway Developer Pass,Software & Cloud,Middle East,1,299.00,10.0,269.10,Refunded
ORD-000907,2026-08-26,Fiona Gallagher,fiona.g@example.com,Heavy-Duty Desktop Stapler,Office Supplies,North America,1,18.00,0.0,18.00,Completed
ORD-000908,2026-07-18,Fiona Gallagher,fiona.g@example.com,Ergonomic Mesh Chair,Furniture,Middle East,3,350.00,0.0,1050.00,Completed
ORD-000909,2026-08-04,Diana Prince,diana.p@example.com,Apple iPad Air M2,Electronics,Latin America,1,599.00,0.0,599.00,Pending
ORD-000910,2026-07-19,Fiona Gallagher,fiona.g@example.com,API Gateway Developer Pass,Software & Cloud,Middle East,2,299.00,5.0,568.10,Completed
ORD-000911,2026-09-18,Hannah Abbott,hannah.a@example.com,Cable Management Kit,Office Supplies,Europe,2,19.99,15.0,33.98,Pending
ORD-000912,2026-07-31,Julia Roberts,julia.r@example.com,LED Desk Lamp with Wireless Charger,Furniture,North America,2,45.00,10.0,81.00,Completed
ORD-000913,2026-04-05,Ian Malcolm,ian.m@example.com,Logitech MX Master 3S,Electronics,Asia Pacific,1,99.00,0.0,99.00,Pending
ORD-000914,2026-04-13,Alice Walker,alice.w@example.com,Premium Hardcover Notebooks (Pack of 3),Office Supplies,North America,2,24.99,15.0,42.48,Completed
ORD-000915,2026-05-15,Charlie Zhang,charlie.z@example.com,Cable Management Kit,Office Supplies,Middle East,4,19.99,0.0,79.96,Pending
ORD-000916,2026-03-28,George Clark,george.c@example.com,Premium Hardcover Notebooks (Pack of 3),Office Supplies,Middle East,2,24.99,0.0,49.98,Completed
ORD-000917,2026-08-13,Charlie Zhang,charlie.z@example.com,Security Audit Suite Pro,Software & Cloud,Asia Pacific,3,450.00,0.0,1350.00,Completed
ORD-000918,2026-06-01,Ian Malcolm,ian.m@example.com,Cable Management Kit,Office Supplies,Latin America,1,19.99,20.0,15.99,Pending
ORD-000919,2026-05-14,Hannah Abbott,hannah.a@example.com,Gel Pen Set (12-pack),Office Supplies,Middle East,2,14.50,15.0,24.65,Pending
ORD-000920,2026-08-12,George Clark,george.c@example.com,MacBook Pro 16,Electronics,Asia Pacific,1,2499.00,0.0,2499.00,Pending
ORD-000921,2026-07-09,Ian Malcolm,ian.m@example.com,MacBook Pro 16,Electronics,Asia Pacific,2,2499.00,10.0,4498.20,Completed
ORD-000922,2026-09-06,Ian Malcolm,ian.m@example.com,Team Workspace Cloud Storage (1TB),Software & Cloud,Latin America,1,120.00,5.0,114.00,Refunded
ORD-000923,2026-08-07,Diana Prince,diana.p@example.com,SalesPulse Enterprise Annual License,Software & Cloud,Europe,2,1200.00,0.0,2400.00,Completed
ORD-000924,2026-07-08,Ian Malcolm,ian.m@example.com,MacBook Pro 16,Electronics,Latin America,5,2499.00,0.0,12495.00,Completed
ORD-000925,2026-06-28,Diana Prince,diana.p@example.com,Premium Hardcover Notebooks (Pack of 3),Office Supplies,Europe,3,24.99,15.0,63.72,Refunded
ORD-000926,2026-08-22,Julia Roberts,julia.r@example.com,Dell XPS 15,Electronics,Middle East,1,1899.00,0.0,1899.00,Completed
ORD-000927,2026-04-30,Hannah Abbott,hannah.a@example.com,Electric Standing Desk 60x30,Furniture,Latin America,4,580.00,0.0,2320.00,Pending
ORD-000928,2026-05-19,Fiona Gallagher,fiona.g@example.com,MacBook Pro 16,Electronics,Asia Pacific,3,2499.00,5.0,7122.15,Completed
ORD-000929,2026-06-18,Bob Martinez,bob.m@example.com,API Gateway Developer Pass,Software & Cloud,Middle East,4,299.00,0.0,1196.00,Completed
ORD-000930,2026-04-24,Evan Hughes,evan.h@example.com,MacBook Pro 16,Electronics,Latin America,2,2499.00,5.0,4748.10,Pending
ORD-000931,2026-07-04,Diana Prince,diana.p@example.com,Sony WH-1000XM5 Headphones,Electronics,North America,1,399.00,0.0,399.00,Completed
ORD-000932,2026-03-29,Charlie Zhang,charlie.z@example.com,Ergonomic Mesh Chair,Furniture,Asia Pacific,1,350.00,0.0,350.00,Refunded
ORD-000933,2026-06-25,Evan Hughes,evan.h@example.com,Dual Monitor Arm Mount,Furniture,Latin America,1,75.00,0.0,75.00,Pending
ORD-000934,2026-05-10,Diana Prince,diana.p@example.com,Dry Erase Magnetic Whiteboard,Office Supplies,Asia Pacific,4,89.00,0.0,356.00,Refunded
ORD-000935,2026-04-21,Charlie Zhang,charlie.z@example.com,Dry Erase Magnetic Whiteboard,Office Supplies,Latin America,2,89.00,0.0,178.00,Completed
ORD-000936,2026-06-17,George Clark,george.c@example.com,Heavy-Duty Desktop Stapler,Office Supplies,Latin America,1,18.00,0.0,18.00,Completed
ORD-000937,2026-08-28,Ian Malcolm,ian.m@example.com,Heavy-Duty Desktop Stapler,Office Supplies,Asia Pacific,1,18.00,0.0,18.00,Completed
ORD-000938,2026-07-31,Charlie Zhang,charlie.z@example.com,Heavy-Duty Desktop Stapler,Office Supplies,North America,4,18.00,0.0,72.00,Completed
ORD-000939,2026-07-12,Fiona Gallagher,fiona.g@example.com,Dual Monitor Arm Mount,Furniture,Latin America,1,75.00,10.0,67.50,Completed
ORD-000940,2026-08-08,George Clark,george.c@example.com,Dry Erase Magnetic Whiteboard,Office Supplies,Europe,1,89.00,0.0,89.00,Refunded
ORD-000941,2026-08-27,Hannah Abbott,hannah.a@example.com,Gel Pen Set (12-pack),Office Supplies,Asia Pacific,1,14.50,5.0,13.77,Completed
ORD-000942,2026-08-20,Julia Roberts,julia.r@example.com,Team Workspace Cloud Storage (1TB),Software & Cloud,North America,1,120.00,10.0,108.00,Completed
ORD-000943,2026-05-07,Ian Malcolm,ian.m@example.com,Ergonomic Mesh Chair,Furniture,Asia Pacific,1,350.00,0.0,350.00,Refunded
ORD-000944,2026-04-12,Alice Walker,alice.w@example.com,Dell XPS 15,Electronics,Latin America,2,1899.00,15.0,3228.30,Completed
ORD-000945,2026-04-07,George Clark,george.c@example.com,Logitech MX Master 3S,Electronics,Asia Pacific,2,99.00,10.0,178.20,Completed
ORD-000946,2026-06-10,George Clark,george.c@example.com,Team Workspace Cloud Storage (1TB),Software & Cloud,Europe,2,120.00,10.0,216.00,Completed
ORD-000947,2026-08-07,Diana Prince,diana.p@example.com,Samsung 4K 32-inch Monitor,Electronics,Middle East,1,499.00,0.0,499.00,Refunded
ORD-000948,2026-05-30,Ian Malcolm,ian.m@example.com,Team Workspace Cloud Storage (1TB),Software & Cloud,Europe,2,120.00,5.0,228.00,Completed
ORD-000949,2026-08-13,George Clark,george.c@example.com,SalesPulse Enterprise Annual License,Software & Cloud,Latin America,1,1200.00,0.0,1200.00,Completed
ORD-000950,2026-04-28,Ian Malcolm,ian.m@example.com,MacBook Pro 16,Electronics,Latin America,1,2499.00,0.0,2499.00,Completed
ORD-000951,2026-06-30,Fiona Gallagher,fiona.g@example.com,SalesPulse Enterprise Annual License,Software & Cloud,Asia Pacific,5,1200.00,0.0,6000.00,Completed
ORD-000952,2026-06-21,Diana Prince,diana.p@example.com,Apple iPad Air M2,Electronics,Asia Pacific,3,599.00,15.0,1527.45,Completed
ORD-000953,2026-05-31,Diana Prince,diana.p@example.com,Samsung 4K 32-inch Monitor,Electronics,Europe,1,499.00,15.0,424.15,Completed
ORD-000954,2026-06-20,George Clark,george.c@example.com,Gel Pen Set (12-pack),Office Supplies,Asia Pacific,4,14.50,10.0,52.20,Completed
ORD-000955,2026-07-03,Fiona Gallagher,fiona.g@example.com,Team Workspace Cloud Storage (1TB),Software & Cloud,Europe,1,120.00,0.0,120.00,Pending
ORD-000956,2026-07-30,Fiona Gallagher,fiona.g@example.com,Samsung 4K 32-inch Monitor,Electronics,Asia Pacific,2,499.00,0.0,998.00,Refunded
ORD-000957,2026-06-13,Charlie Zhang,charlie.z@example.com,Team Workspace Cloud Storage (1TB),Software & Cloud,Middle East,2,120.00,0.0,240.00,Refunded
ORD-000958,2026-07-10,Evan Hughes,evan.h@example.com,Dual Monitor Arm Mount,Furniture,North America,1,75.00,0.0,75.00,Pending
ORD-000959,2026-05-13,Ian Malcolm,ian.m@example.com,API Gateway Developer Pass,Software & Cloud,Asia Pacific,1,299.00,0.0,299.00,Completed
ORD-000960,2026-07-17,Hannah Abbott,hannah.a@example.com,Sony WH-1000XM5 Headphones,Electronics,North America,10,399.00,5.0,3790.50,Completed
ORD-000961,2026-05-04,Julia Roberts,julia.r@example.com,Dell XPS 15,Electronics,North America,2,1899.00,5.0,3608.10,Refunded
ORD-000962,2026-07-04,Fiona Gallagher,fiona.g@example.com,Logitech MX Master 3S,Electronics,Middle East,2,99.00,0.0,198.00,Completed
ORD-000963,2026-09-10,Alice Walker,alice.w@example.com,Heavy-Duty Desktop Stapler,Office Supplies,Latin America,4,18.00,20.0,57.60,Completed
ORD-000964,2026-04-29,Diana Prince,diana.p@example.com,Dual Monitor Arm Mount,Furniture,Europe,1,75.00,0.0,75.00,Refunded
ORD-000965,2026-07-24,Julia Roberts,julia.r@example.com,Electric Standing Desk 60x30,Furniture,Europe,2,580.00,0.0,1160.00,Pending
ORD-000966,2026-08-24,Ian Malcolm,ian.m@example.com,Dell XPS 15,Electronics,Asia Pacific,1,1899.00,0.0,1899.00,Completed
ORD-000967,2026-08-14,Bob Martinez,bob.m@example.com,LED Desk Lamp with Wireless Charger,Furniture,Latin America,4,45.00,5.0,171.00,Completed
ORD-000968,2026-08-02,Charlie Zhang,charlie.z@example.com,Cable Management Kit,Office Supplies,Europe,5,19.99,20.0,79.96,Refunded
ORD-000969,2026-05-04,Charlie Zhang,charlie.z@example.com,SalesPulse Enterprise Annual License,Software & Cloud,Asia Pacific,4,1200.00,0.0,4800.00,Completed
ORD-000970,2026-08-14,Hannah Abbott,hannah.a@example.com,Team Workspace Cloud Storage (1TB),Software & Cloud,North America,1,120.00,20.0,96.00,Completed
ORD-000971,2026-08-20,Fiona Gallagher,fiona.g@example.com,SalesPulse Enterprise Annual License,Software & Cloud,Latin America,3,1200.00,0.0,3600.00,Completed
ORD-000972,2026-05-22,Hannah Abbott,hannah.a@example.com,Dual Monitor Arm Mount,Furniture,Europe,2,75.00,0.0,150.00,Pending
ORD-000973,2026-06-08,Diana Prince,diana.p@example.com,Electric Standing Desk 60x30,Furniture,North America,1,580.00,0.0,580.00,Completed
ORD-000974,2026-09-08,Bob Martinez,bob.m@example.com,SalesPulse Enterprise Annual License,Software & Cloud,Middle East,4,1200.00,0.0,4800.00,Refunded
ORD-000975,2026-04-18,Ian Malcolm,ian.m@example.com,LED Desk Lamp with Wireless Charger,Furniture,Europe,1,45.00,0.0,45.00,Pending
ORD-000976,2026-09-13,Fiona Gallagher,fiona.g@example.com,Under-desk Footrest,Furniture,Latin America,1,35.00,0.0,35.00,Completed
ORD-000977,2026-07-05,Alice Walker,alice.w@example.com,API Gateway Developer Pass,Software & Cloud,Asia Pacific,4,299.00,20.0,956.80,Completed
ORD-000978,2026-06-26,Diana Prince,diana.p@example.com,Dry Erase Magnetic Whiteboard,Office Supplies,Latin America,1,89.00,0.0,89.00,Completed
ORD-000979,2026-05-16,Alice Walker,alice.w@example.com,Logitech MX Master 3S,Electronics,North America,10,99.00,5.0,940.50,Completed
ORD-000980,2026-04-25,Evan Hughes,evan.h@example.com,Logitech MX Master 3S,Electronics,Asia Pacific,1,99.00,0.0,99.00,Completed
ORD-000981,2026-07-12,George Clark,george.c@example.com,Heavy-Duty Desktop Stapler,Office Supplies,Latin America,2,18.00,15.0,30.60,Pending
ORD-000982,2026-06-20,Charlie Zhang,charlie.z@example.com,SalesPulse Enterprise Annual License,Software & Cloud,Europe,1,1200.00,15.0,1020.00,Completed
ORD-000983,2026-09-06,Evan Hughes,evan.h@example.com,LED Desk Lamp with Wireless Charger,Furniture,Asia Pacific,1,45.00,0.0,45.00,Completed
ORD-000984,2026-07-07,Diana Prince,diana.p@example.com,Heavy-Duty Desktop Stapler,Office Supplies,Middle East,1,18.00,0.0,18.00,Completed
ORD-000985,2026-04-12,Charlie Zhang,charlie.z@example.com,Dry Erase Magnetic Whiteboard,Office Supplies,Europe,1,89.00,15.0,75.65,Completed
ORD-000986,2026-05-12,Ian Malcolm,ian.m@example.com,API Gateway Developer Pass,Software & Cloud,North America,1,299.00,0.0,299.00,Completed
ORD-000987,2026-07-25,Ian Malcolm,ian.m@example.com,Security Audit Suite Pro,Software & Cloud,Latin America,4,450.00,0.0,1800.00,Completed
ORD-000988,2026-07-19,Ian Malcolm,ian.m@example.com,API Gateway Developer Pass,Software & Cloud,North America,1,299.00,0.0,299.00,Refunded
ORD-000989,2026-08-01,Fiona Gallagher,fiona.g@example.com,Dual Monitor Arm Mount,Furniture,Asia Pacific,2,75.00,5.0,142.50,Pending
ORD-000990,2026-09-13,Fiona Gallagher,fiona.g@example.com,SalesPulse Enterprise Annual License,Software & Cloud,Asia Pacific,10,1200.00,0.0,12000.00,Completed
ORD-000991,2026-05-04,Hannah Abbott,hannah.a@example.com,Logitech MX Master 3S,Electronics,Asia Pacific,1,99.00,0.0,99.00,Completed
ORD-000992,2026-07-05,Hannah Abbott,hannah.a@example.com,SalesPulse Enterprise Annual License,Software & Cloud,Middle East,1,1200.00,0.0,1200.00,Completed
ORD-000993,2026-08-26,Alice Walker,alice.w@example.com,Dry Erase Magnetic Whiteboard,Office Supplies,Europe,1,89.00,15.0,75.65,Refunded
ORD-000994,2026-04-10,Evan Hughes,evan.h@example.com,Apple iPad Air M2,Electronics,Europe,1,599.00,0.0,599.00,Completed
ORD-000995,2026-07-11,Alice Walker,alice.w@example.com,API Gateway Developer Pass,Software & Cloud,Middle East,4,299.00,0.0,1196.00,Completed
ORD-000996,2026-04-05,Bob Martinez,bob.m@example.com,Sony WH-1000XM5 Headphones,Electronics,Latin America,2,399.00,0.0,798.00,Completed
ORD-000997,2026-09-21,Charlie Zhang,charlie.z@example.com,Dry Erase Magnetic Whiteboard,Office Supplies,Middle East,5,89.00,0.0,445.00,Pending
ORD-000998,2026-04-01,Hannah Abbott,hannah.a@example.com,Ergonomic Mesh Chair,Furniture,North America,2,350.00,0.0,700.00,Completed
ORD-000999,2026-06-09,Ian Malcolm,ian.m@example.com,Security Audit Suite Pro,Software & Cloud,Latin America,2,450.00,10.0,810.00,Completed
ORD-001000,2026-08-08,Alice Walker,alice.w@example.com,Electric Standing Desk 60x30,Furniture,North America,3,580.00,0.0,1740.00,Completed
ORD-001001,2026-04-12,Alice Walker,alice.w@example.com,Dell XPS 15,Electronics,North America,2,1899.00,0.0,3798.00,Completed
ORD-001002,2026-04-02,Hannah Abbott,hannah.a@example.com,Ergonomic Mesh Chair,Furniture,Latin America,1,350.00,15.0,297.50,Completed
ORD-001003,2026-04-24,Diana Prince,diana.p@example.com,Security Audit Suite Pro,Software & Cloud,Asia Pacific,3,450.00,0.0,1350.00,Pending
ORD-001004,2026-04-10,Julia Roberts,julia.r@example.com,API Gateway Developer Pass,Software & Cloud,Latin America,10,299.00,5.0,2840.50,Completed
ORD-001005,2026-06-19,George Clark,george.c@example.com,Dell XPS 15,Electronics,North America,2,1899.00,15.0,3228.30,Pending
ORD-001006,2026-06-11,Charlie Zhang,charlie.z@example.com,SalesPulse Enterprise Annual License,Software & Cloud,Latin America,2,1200.00,5.0,2280.00,Completed
ORD-001007,2026-04-05,Julia Roberts,julia.r@example.com,Ergonomic Mesh Chair,Furniture,Middle East,4,350.00,10.0,1260.00,Completed
ORD-001008,2026-07-24,Julia Roberts,julia.r@example.com,SalesPulse Enterprise Annual License,Software & Cloud,Middle East,4,1200.00,15.0,4080.00,Pending
ORD-001009,2026-09-14,Diana Prince,diana.p@example.com,Apple iPad Air M2,Electronics,Asia Pacific,2,599.00,0.0,1198.00,Completed
ORD-001010,2026-09-21,George Clark,george.c@example.com,Security Audit Suite Pro,Software & Cloud,Asia Pacific,3,450.00,0.0,1350.00,Completed
ORD-001011,2026-05-03,Diana Prince,diana.p@example.com,Team Workspace Cloud Storage (1TB),Software & Cloud,Middle East,2,120.00,0.0,240.00,Completed
ORD-001012,2026-07-04,Hannah Abbott,hannah.a@example.com,Electric Standing Desk 60x30,Furniture,Asia Pacific,2,580.00,5.0,1102.00,Completed
ORD-001013,2026-04-28,Julia Roberts,julia.r@example.com,Dell XPS 15,Electronics,Latin America,1,1899.00,0.0,1899.00,Completed
ORD-001014,2026-08-14,Charlie Zhang,charlie.z@example.com,Premium Hardcover Notebooks (Pack of 3),Office Supplies,Asia Pacific,3,24.99,0.0,74.97,Completed
ORD-001015,2026-09-13,Diana Prince,diana.p@example.com,SalesPulse Enterprise Annual License,Software & Cloud,Middle East,1,1200.00,15.0,1020.00,Completed
ORD-001016,2026-06-24,Bob Martinez,bob.m@example.com,SalesPulse Enterprise Annual License,Software & Cloud,Latin America,1,1200.00,5.0,1140.00,Pending
ORD-001017,2026-06-23,Hannah Abbott,hannah.a@example.com,Apple iPad Air M2,Electronics,Middle East,1,599.00,20.0,479.20,Completed
ORD-001018,2026-06-23,Bob Martinez,bob.m@example.com,LED Desk Lamp with Wireless Charger,Furniture,North America,3,45.00,0.0,135.00,Completed
ORD-001019,2026-09-04,Julia Roberts,julia.r@example.com,SalesPulse Enterprise Annual License,Software & Cloud,Latin America,1,1200.00,5.0,1140.00,Completed
ORD-001020,2026-04-28,Charlie Zhang,charlie.z@example.com,Cable Management Kit,Office Supplies,Asia Pacific,1,19.99,0.0,19.99,Completed
ORD-001021,2026-09-09,Evan Hughes,evan.h@example.com,Heavy-Duty Desktop Stapler,Office Supplies,Latin America,1,18.00,5.0,17.10,Completed
ORD-001022,2026-07-24,George Clark,george.c@example.com,Gel Pen Set (12-pack),Office Supplies,Asia Pacific,3,14.50,0.0,43.50,Completed
ORD-001023,2026-09-09,Fiona Gallagher,fiona.g@example.com,Premium Hardcover Notebooks (Pack of 3),Office Supplies,Asia Pacific,1,24.99,0.0,24.99,Pending
ORD-001024,2026-05-26,George Clark,george.c@example.com,Security Audit Suite Pro,Software & Cloud,North America,1,450.00,0.0,450.00,Completed
ORD-001025,2026-05-14,Julia Roberts,julia.r@example.com,Apple iPad Air M2,Electronics,Asia Pacific,5,599.00,10.0,2695.50,Completed
ORD-001026,2026-04-28,Fiona Gallagher,fiona.g@example.com,Apple iPad Air M2,Electronics,Latin America,1,599.00,0.0,599.00,Pending
ORD-001027,2026-04-22,Charlie Zhang,charlie.z@example.com,MacBook Pro 16,Electronics,Europe,3,2499.00,0.0,7497.00,Completed
ORD-001028,2026-05-06,Julia Roberts,julia.r@example.com,LED Desk Lamp with Wireless Charger,Furniture,Europe,3,45.00,5.0,128.25,Completed
ORD-001029,2026-06-16,Fiona Gallagher,fiona.g@example.com,Dry Erase Magnetic Whiteboard,Office Supplies,Middle East,1,89.00,0.0,89.00,Pending
ORD-001030,2026-06-05,Julia Roberts,julia.r@example.com,Security Audit Suite Pro,Software & Cloud,Latin America,1,450.00,0.0,450.00,Completed
ORD-001031,2026-09-08,Ian Malcolm,ian.m@example.com,Logitech MX Master 3S,Electronics,North America,1,99.00,5.0,94.05,Completed
ORD-001032,2026-09-09,Fiona Gallagher,fiona.g@example.com,Gel Pen Set (12-pack),Office Supplies,Europe,1,14.50,0.0,14.50,Completed
ORD-001033,2026-08-14,Evan Hughes,evan.h@example.com,SalesPulse Enterprise Annual License,Software & Cloud,Middle East,1,1200.00,5.0,1140.00,Completed
ORD-001034,2026-05-20,Bob Martinez,bob.m@example.com,API Gateway Developer Pass,Software & Cloud,Asia Pacific,5,299.00,0.0,1495.00,Completed
ORD-001035,2026-05-11,Diana Prince,diana.p@example.com,Cable Management Kit,Office Supplies,Middle East,1,19.99,0.0,19.99,Completed
ORD-001036,2026-04-27,Ian Malcolm,ian.m@example.com,Premium Hardcover Notebooks (Pack of 3),Office Supplies,North America,4,24.99,15.0,84.97,Pending
ORD-001037,2026-08-05,Julia Roberts,julia.r@example.com,Gel Pen Set (12-pack),Office Supplies,Middle East,1,14.50,0.0,14.50,Refunded
ORD-001038,2026-09-23,Bob Martinez,bob.m@example.com,Premium Hardcover Notebooks (Pack of 3),Office Supplies,Asia Pacific,1,24.99,5.0,23.74,Completed
ORD-001039,2026-07-25,Charlie Zhang,charlie.z@example.com,Gel Pen Set (12-pack),Office Supplies,Middle East,1,14.50,0.0,14.50,Pending
ORD-001040,2026-05-13,Ian Malcolm,ian.m@example.com,Cable Management Kit,Office Supplies,Asia Pacific,1,19.99,0.0,19.99,Completed
ORD-001041,2026-06-29,Charlie Zhang,charlie.z@example.com,LED Desk Lamp with Wireless Charger,Furniture,Europe,3,45.00,10.0,121.50,Completed
ORD-001042,2026-04-02,Alice Walker,alice.w@example.com,Samsung 4K 32-inch Monitor,Electronics,Latin America,2,499.00,20.0,798.40,Refunded
ORD-001043,2026-04-15,Hannah Abbott,hannah.a@example.com,Dry Erase Magnetic Whiteboard,Office Supplies,Europe,1,89.00,0.0,89.00,Pending
ORD-001044,2026-06-18,Charlie Zhang,charlie.z@example.com,Electric Standing Desk 60x30,Furniture,Europe,2,580.00,0.0,1160.00,Completed
ORD-001045,2026-07-16,Alice Walker,alice.w@example.com,MacBook Pro 16,Electronics,Asia Pacific,2,2499.00,5.0,4748.10,Completed
ORD-001046,2026-07-08,Bob Martinez,bob.m@example.com,Dual Monitor Arm Mount,Furniture,Latin America,2,75.00,10.0,135.00,Refunded
ORD-001047,2026-07-06,Evan Hughes,evan.h@example.com,Ergonomic Mesh Chair,Furniture,Europe,4,350.00,15.0,1190.00,Completed
ORD-001048,2026-04-12,Fiona Gallagher,fiona.g@example.com,Cable Management Kit,Office Supplies,Latin America,1,19.99,5.0,18.99,Refunded
ORD-001049,2026-05-26,Fiona Gallagher,fiona.g@example.com,Apple iPad Air M2,Electronics,Europe,4,599.00,0.0,2396.00,Completed
ORD-001050,2026-04-03,Charlie Zhang,charlie.z@example.com,Dual Monitor Arm Mount,Furniture,Europe,1,75.00,0.0,75.00,Completed
ORD-001051,2026-08-03,Bob Martinez,bob.m@example.com,MacBook Pro 16,Electronics,Asia Pacific,1,2499.00,5.0,2374.05,Pending
ORD-001052,2026-06-13,Charlie Zhang,charlie.z@example.com,Dual Monitor Arm Mount,Furniture,Asia Pacific,3,75.00,20.0,180.00,Refunded
ORD-001053,2026-04-26,Bob Martinez,bob.m@example.com,Sony WH-1000XM5 Headphones,Electronics,Asia Pacific,1,399.00,0.0,399.00,Completed
ORD-001054,2026-09-08,George Clark,george.c@example.com,Team Workspace Cloud Storage (1TB),Software & Cloud,Middle East,1,120.00,15.0,102.00,Completed
ORD-001055,2026-08-30,Bob Martinez,bob.m@example.com,MacBook Pro 16,Electronics,Asia Pacific,4,2499.00,5.0,9496.20,Completed
ORD-001056,2026-07-01,Alice Walker,alice.w@example.com,Security Audit Suite Pro,Software & Cloud,Europe,1,450.00,5.0,427.50,Completed
ORD-001057,2026-08-06,Hannah Abbott,hannah.a@example.com,MacBook Pro 16,Electronics,Europe,1,2499.00,15.0,2124.15,Completed
ORD-001058,2026-05-02,Diana Prince,diana.p@example.com,LED Desk Lamp with Wireless Charger,Furniture,Asia Pacific,1,45.00,0.0,45.00,Completed
ORD-001059,2026-09-02,Fiona Gallagher,fiona.g@example.com,Dry Erase Magnetic Whiteboard,Office Supplies,Europe,3,89.00,5.0,253.65,Completed
ORD-001060,2026-03-29,Bob Martinez,bob.m@example.com,Gel Pen Set (12-pack),Office Supplies,Middle East,1,14.50,5.0,13.77,Pending
ORD-001061,2026-04-20,George Clark,george.c@example.com,Security Audit Suite Pro,Software & Cloud,Asia Pacific,1,450.00,10.0,405.00,Completed
ORD-001062,2026-04-10,George Clark,george.c@example.com,API Gateway Developer Pass,Software & Cloud,Asia Pacific,2,299.00,10.0,538.20,Refunded
ORD-001063,2026-07-01,Charlie Zhang,charlie.z@example.com,SalesPulse Enterprise Annual License,Software & Cloud,Asia Pacific,1,1200.00,0.0,1200.00,Completed
ORD-001064,2026-09-07,Bob Martinez,bob.m@example.com,Apple iPad Air M2,Electronics,North America,4,599.00,0.0,2396.00,Pending
ORD-001065,2026-03-30,Fiona Gallagher,fiona.g@example.com,Heavy-Duty Desktop Stapler,Office Supplies,Europe,1,18.00,5.0,17.10,Pending
ORD-001066,2026-09-01,Bob Martinez,bob.m@example.com,Team Workspace Cloud Storage (1TB),Software & Cloud,Asia Pacific,2,120.00,5.0,228.00,Pending
ORD-001067,2026-05-02,Bob Martinez,bob.m@example.com,MacBook Pro 16,Electronics,Europe,1,2499.00,10.0,2249.10,Completed
ORD-001068,2026-05-28,Julia Roberts,julia.r@example.com,Logitech MX Master 3S,Electronics,Latin America,2,99.00,5.0,188.10,Completed
ORD-001069,2026-06-18,Fiona Gallagher,fiona.g@example.com,LED Desk Lamp with Wireless Charger,Furniture,Middle East,2,45.00,10.0,81.00,Pending
ORD-001070,2026-09-14,Evan Hughes,evan.h@example.com,Dell XPS 15,Electronics,Europe,2,1899.00,10.0,3418.20,Completed
ORD-001071,2026-09-11,Bob Martinez,bob.m@example.com,Gel Pen Set (12-pack),Office Supplies,Asia Pacific,1,14.50,0.0,14.50,Completed
ORD-001072,2026-07-23,Bob Martinez,bob.m@example.com,SalesPulse Enterprise Annual License,Software & Cloud,Latin America,1,1200.00,0.0,1200.00,Completed
ORD-001073,2026-07-17,Bob Martinez,bob.m@example.com,Dry Erase Magnetic Whiteboard,Office Supplies,Middle East,2,89.00,15.0,151.30,Completed
ORD-001074,2026-07-04,Ian Malcolm,ian.m@example.com,Team Workspace Cloud Storage (1TB),Software & Cloud,Middle East,3,120.00,0.0,360.00,Completed
ORD-001075,2026-06-09,Evan Hughes,evan.h@example.com,Dual Monitor Arm Mount,Furniture,Asia Pacific,2,75.00,0.0,150.00,Completed
ORD-001076,2026-08-10,Fiona Gallagher,fiona.g@example.com,API Gateway Developer Pass,Software & Cloud,Middle East,2,299.00,0.0,598.00,Completed
ORD-001077,2026-09-21,Diana Prince,diana.p@example.com,Samsung 4K 32-inch Monitor,Electronics,Europe,3,499.00,0.0,1497.00,Completed
ORD-001078,2026-06-22,Bob Martinez,bob.m@example.com,Under-desk Footrest,Furniture,Asia Pacific,1,35.00,0.0,35.00,Completed
ORD-001079,2026-09-19,Diana Prince,diana.p@example.com,Electric Standing Desk 60x30,Furniture,Middle East,2,580.00,0.0,1160.00,Completed
ORD-001080,2026-04-29,Fiona Gallagher,fiona.g@example.com,Sony WH-1000XM5 Headphones,Electronics,Latin America,1,399.00,5.0,379.05,Completed
ORD-001081,2026-08-22,Julia Roberts,julia.r@example.com,Under-desk Footrest,Furniture,North America,1,35.00,0.0,35.00,Completed
ORD-001082,2026-06-03,George Clark,george.c@example.com,Samsung 4K 32-inch Monitor,Electronics,Europe,2,499.00,0.0,998.00,Completed
ORD-001083,2026-06-13,Evan Hughes,evan.h@example.com,Logitech MX Master 3S,Electronics,Middle East,1,99.00,5.0,94.05,Pending
ORD-001084,2026-08-08,Alice Walker,alice.w@example.com,Electric Standing Desk 60x30,Furniture,Middle East,4,580.00,0.0,2320.00,Refunded
ORD-001085,2026-08-30,George Clark,george.c@example.com,LED Desk Lamp with Wireless Charger,Furniture,Middle East,1,45.00,10.0,40.50,Completed
ORD-001086,2026-05-13,Bob Martinez,bob.m@example.com,Dry Erase Magnetic Whiteboard,Office Supplies,Asia Pacific,1,89.00,0.0,89.00,Pending
ORD-001087,2026-08-11,Fiona Gallagher,fiona.g@example.com,Dry Erase Magnetic Whiteboard,Office Supplies,North America,1,89.00,10.0,80.10,Completed
ORD-001088,2026-06-05,Hannah Abbott,hannah.a@example.com,MacBook Pro 16,Electronics,Asia Pacific,3,2499.00,0.0,7497.00,Completed
ORD-001089,2026-07-10,Diana Prince,diana.p@example.com,Security Audit Suite Pro,Software & Cloud,Latin America,1,450.00,0.0,450.00,Completed
ORD-001090,2026-07-14,Alice Walker,alice.w@example.com,Samsung 4K 32-inch Monitor,Electronics,Asia Pacific,1,499.00,0.0,499.00,Completed
ORD-001091,2026-07-28,George Clark,george.c@example.com,Under-desk Footrest,Furniture,Asia Pacific,3,35.00,0.0,105.00,Pending
ORD-001092,2026-07-23,Diana Prince,diana.p@example.com,Cable Management Kit,Office Supplies,North America,4,19.99,0.0,79.96,Completed
ORD-001093,2026-04-30,Fiona Gallagher,fiona.g@example.com,Cable Management Kit,Office Supplies,Europe,1,19.99,10.0,17.99,Completed
ORD-001094,2026-05-15,George Clark,george.c@example.com,Sony WH-1000XM5 Headphones,Electronics,Asia Pacific,1,399.00,0.0,399.00,Completed
ORD-001095,2026-05-28,Julia Roberts,julia.r@example.com,Apple iPad Air M2,Electronics,North America,1,599.00,0.0,599.00,Completed
ORD-001096,2026-04-02,George Clark,george.c@example.com,LED Desk Lamp with Wireless Charger,Furniture,North America,5,45.00,15.0,191.25,Completed
ORD-001097,2026-05-17,Hannah Abbott,hannah.a@example.com,Under-desk Footrest,Furniture,North America,1,35.00,0.0,35.00,Completed
ORD-001098,2026-08-07,Alice Walker,alice.w@example.com,Team Workspace Cloud Storage (1TB),Software & Cloud,Latin America,1,120.00,5.0,114.00,Completed
ORD-001099,2026-08-22,Ian Malcolm,ian.m@example.com,Samsung 4K 32-inch Monitor,Electronics,Europe,1,499.00,0.0,499.00,Pending
ORD-001100,2026-07-13,Ian Malcolm,ian.m@example.com,MacBook Pro 16,Electronics,Latin America,1,2499.00,0.0,2499.00,Completed
ORD-001101,2026-04-29,Fiona Gallagher,fiona.g@example.com,Dual Monitor Arm Mount,Furniture,Latin America,2,75.00,0.0,150.00,Refunded
ORD-001102,2026-05-27,Diana Prince,diana.p@example.com,SalesPulse Enterprise Annual License,Software & Cloud,Asia Pacific,3,1200.00,0.0,3600.00,Pending
ORD-001103,2026-05-14,Alice Walker,alice.w@example.com,LED Desk Lamp with Wireless Charger,Furniture,North America,3,45.00,5.0,128.25,Pending
ORD-001104,2026-04-15,Charlie Zhang,charlie.z@example.com,Cable Management Kit,Office Supplies,Latin America,2,19.99,10.0,35.98,Pending
ORD-001105,2026-05-08,Charlie Zhang,charlie.z@example.com,MacBook Pro 16,Electronics,Europe,1,2499.00,0.0,2499.00,Pending
ORD-001106,2026-07-16,Bob Martinez,bob.m@example.com,Premium Hardcover Notebooks (Pack of 3),Office Supplies,Europe,10,24.99,15.0,212.41,Completed
ORD-001107,2026-07-24,Bob Martinez,bob.m@example.com,Dual Monitor Arm Mount,Furniture,Europe,3,75.00,0.0,225.00,Completed
ORD-001108,2026-07-08,Fiona Gallagher,fiona.g@example.com,Team Workspace Cloud Storage (1TB),Software & Cloud,Middle East,1,120.00,5.0,114.00,Completed
ORD-001109,2026-07-03,Charlie Zhang,charlie.z@example.com,Team Workspace Cloud Storage (1TB),Software & Cloud,Latin America,2,120.00,0.0,240.00,Refunded
ORD-001110,2026-06-18,Charlie Zhang,charlie.z@example.com,MacBook Pro 16,Electronics,Latin America,1,2499.00,0.0,2499.00,Completed
ORD-001111,2026-06-11,Julia Roberts,julia.r@example.com,Electric Standing Desk 60x30,Furniture,Europe,1,580.00,0.0,580.00,Completed
ORD-001112,2026-04-08,Charlie Zhang,charlie.z@example.com,Heavy-Duty Desktop Stapler,Office Supplies,Asia Pacific,2,18.00,0.0,36.00,Pending
ORD-001113,2026-09-20,Fiona Gallagher,fiona.g@example.com,Team Workspace Cloud Storage (1TB),Software & Cloud,Europe,1,120.00,5.0,114.00,Refunded
ORD-001114,2026-04-19,Ian Malcolm,ian.m@example.com,LED Desk Lamp with Wireless Charger,Furniture,Middle East,1,45.00,15.0,38.25,Completed
ORD-001115,2026-04-30,Fiona Gallagher,fiona.g@example.com,Samsung 4K 32-inch Monitor,Electronics,Europe,1,499.00,0.0,499.00,Refunded
ORD-001116,2026-08-20,Ian Malcolm,ian.m@example.com,Team Workspace Cloud Storage (1TB),Software & Cloud,Latin America,1,120.00,15.0,102.00,Completed
ORD-001117,2026-08-15,Fiona Gallagher,fiona.g@example.com,Security Audit Suite Pro,Software & Cloud,Latin America,4,450.00,0.0,1800.00,Completed
ORD-001118,2026-05-08,Bob Martinez,bob.m@example.com,SalesPulse Enterprise Annual License,Software & Cloud,Asia Pacific,1,1200.00,0.0,1200.00,Completed
ORD-001119,2026-09-02,Hannah Abbott,hannah.a@example.com,Dual Monitor Arm Mount,Furniture,Asia Pacific,3,75.00,20.0,180.00,Completed
ORD-001120,2026-04-08,Diana Prince,diana.p@example.com,Logitech MX Master 3S,Electronics,Latin America,1,99.00,15.0,84.15,Completed
ORD-001121,2026-07-15,Alice Walker,alice.w@example.com,Samsung 4K 32-inch Monitor,Electronics,North America,5,499.00,10.0,2245.50,Completed
ORD-001122,2026-05-30,Ian Malcolm,ian.m@example.com,Cable Management Kit,Office Supplies,Latin America,2,19.99,0.0,39.98,Completed
ORD-001123,2026-05-24,Ian Malcolm,ian.m@example.com,Cable Management Kit,Office Supplies,Asia Pacific,1,19.99,0.0,19.99,Completed
ORD-001124,2026-05-11,Bob Martinez,bob.m@example.com,Apple iPad Air M2,Electronics,North America,3,599.00,15.0,1527.45,Completed
ORD-001125,2026-06-14,Julia Roberts,julia.r@example.com,API Gateway Developer Pass,Software & Cloud,Asia Pacific,2,299.00,0.0,598.00,Completed
ORD-001126,2026-04-27,Hannah Abbott,hannah.a@example.com,Logitech MX Master 3S,Electronics,Europe,3,99.00,0.0,297.00,Completed
ORD-001127,2026-06-16,Ian Malcolm,ian.m@example.com,SalesPulse Enterprise Annual License,Software & Cloud,North America,3,1200.00,15.0,3060.00,Completed
ORD-001128,2026-09-15,Evan Hughes,evan.h@example.com,Electric Standing Desk 60x30,Furniture,Asia Pacific,1,580.00,0.0,580.00,Completed
ORD-001129,2026-09-17,Charlie Zhang,charlie.z@example.com,Dell XPS 15,Electronics,Middle East,2,1899.00,0.0,3798.00,Completed
ORD-001130,2026-07-29,Alice Walker,alice.w@example.com,Security Audit Suite Pro,Software & Cloud,Asia Pacific,2,450.00,0.0,900.00,Completed
ORD-001131,2026-06-28,Bob Martinez,bob.m@example.com,Dell XPS 15,Electronics,Latin America,2,1899.00,0.0,3798.00,Completed
ORD-001132,2026-07-28,Bob Martinez,bob.m@example.com,Ergonomic Mesh Chair,Furniture,Latin America,1,350.00,15.0,297.50,Completed
ORD-001133,2026-06-20,Julia Roberts,julia.r@example.com,Sony WH-1000XM5 Headphones,Electronics,North America,2,399.00,0.0,798.00,Completed
ORD-001134,2026-04-22,Fiona Gallagher,fiona.g@example.com,Team Workspace Cloud Storage (1TB),Software & Cloud,North America,2,120.00,0.0,240.00,Completed
ORD-001135,2026-05-29,Julia Roberts,julia.r@example.com,Electric Standing Desk 60x30,Furniture,Asia Pacific,2,580.00,15.0,986.00,Pending
ORD-001136,2026-08-26,George Clark,george.c@example.com,Apple iPad Air M2,Electronics,North America,3,599.00,15.0,1527.45,Pending
ORD-001137,2026-08-15,Ian Malcolm,ian.m@example.com,Sony WH-1000XM5 Headphones,Electronics,Latin America,1,399.00,15.0,339.15,Refunded
ORD-001138,2026-08-29,Ian Malcolm,ian.m@example.com,Under-desk Footrest,Furniture,Latin America,1,35.00,0.0,35.00,Completed
ORD-001139,2026-05-20,George Clark,george.c@example.com,Gel Pen Set (12-pack),Office Supplies,Asia Pacific,2,14.50,5.0,27.55,Completed
ORD-001140,2026-08-22,Diana Prince,diana.p@example.com,LED Desk Lamp with Wireless Charger,Furniture,North America,1,45.00,20.0,36.00,Refunded
ORD-001141,2026-08-18,Bob Martinez,bob.m@example.com,Dry Erase Magnetic Whiteboard,Office Supplies,North America,1,89.00,5.0,84.55,Completed
ORD-001142,2026-08-16,George Clark,george.c@example.com,Ergonomic Mesh Chair,Furniture,Middle East,1,350.00,20.0,280.00,Completed
ORD-001143,2026-05-06,Julia Roberts,julia.r@example.com,SalesPulse Enterprise Annual License,Software & Cloud,Europe,2,1200.00,0.0,2400.00,Pending
ORD-001144,2026-05-11,Alice Walker,alice.w@example.com,Samsung 4K 32-inch Monitor,Electronics,Middle East,1,499.00,0.0,499.00,Completed
ORD-001145,2026-05-05,Evan Hughes,evan.h@example.com,Cable Management Kit,Office Supplies,Asia Pacific,2,19.99,0.0,39.98,Completed
ORD-001146,2026-07-05,Bob Martinez,bob.m@example.com,Dual Monitor Arm Mount,Furniture,Europe,1,75.00,10.0,67.50,Completed
ORD-001147,2026-06-12,Evan Hughes,evan.h@example.com,Dell XPS 15,Electronics,Europe,2,1899.00,10.0,3418.20,Pending
ORD-001148,2026-07-21,Bob Martinez,bob.m@example.com,Logitech MX Master 3S,Electronics,Asia Pacific,1,99.00,0.0,99.00,Completed
ORD-001149,2026-08-18,Hannah Abbott,hannah.a@example.com,Cable Management Kit,Office Supplies,Middle East,1,19.99,0.0,19.99,Completed
ORD-001150,2026-06-22,Bob Martinez,bob.m@example.com,Ergonomic Mesh Chair,Furniture,Middle East,5,350.00,0.0,1750.00,Completed
ORD-001151,2026-07-27,Julia Roberts,julia.r@example.com,API Gateway Developer Pass,Software & Cloud,Middle East,1,299.00,5.0,284.05,Completed
ORD-001152,2026-06-28,Hannah Abbott,hannah.a@example.com,Logitech MX Master 3S,Electronics,Middle East,2,99.00,0.0,198.00,Completed
ORD-001153,2026-07-25,Alice Walker,alice.w@example.com,Apple iPad Air M2,Electronics,North America,4,599.00,0.0,2396.00,Completed
ORD-001154,2026-03-30,Fiona Gallagher,fiona.g@example.com,Security Audit Suite Pro,Software & Cloud,Middle East,1,450.00,0.0,450.00,Completed
ORD-001155,2026-05-22,George Clark,george.c@example.com,Logitech MX Master 3S,Electronics,Middle East,3,99.00,0.0,297.00,Completed
ORD-001156,2026-04-25,Charlie Zhang,charlie.z@example.com,Electric Standing Desk 60x30,Furniture,Latin America,2,580.00,15.0,986.00,Completed
ORD-001157,2026-03-30,Charlie Zhang,charlie.z@example.com,Ergonomic Mesh Chair,Furniture,Europe,1,350.00,0.0,350.00,Refunded
ORD-001158,2026-05-22,Hannah Abbott,hannah.a@example.com,MacBook Pro 16,Electronics,Asia Pacific,1,2499.00,10.0,2249.10,Completed
ORD-001159,2026-08-02,Diana Prince,diana.p@example.com,Logitech MX Master 3S,Electronics,North America,4,99.00,0.0,396.00,Completed
ORD-001160,2026-04-06,Julia Roberts,julia.r@example.com,Security Audit Suite Pro,Software & Cloud,Asia Pacific,5,450.00,5.0,2137.50,Completed
ORD-001161,2026-09-20,Alice Walker,alice.w@example.com,Dell XPS 15,Electronics,Middle East,2,1899.00,10.0,3418.20,Completed
ORD-001162,2026-09-23,Julia Roberts,julia.r@example.com,Security Audit Suite Pro,Software & Cloud,Latin America,2,450.00,0.0,900.00,Completed
ORD-001163,2026-06-09,Diana Prince,diana.p@example.com,Samsung 4K 32-inch Monitor,Electronics,Asia Pacific,4,499.00,10.0,1796.40,Pending
ORD-001164,2026-09-11,Evan Hughes,evan.h@example.com,Premium Hardcover Notebooks (Pack of 3),Office Supplies,Europe,1,24.99,0.0,24.99,Completed
ORD-001165,2026-05-10,Julia Roberts,julia.r@example.com,Premium Hardcover Notebooks (Pack of 3),Office Supplies,Asia Pacific,1,24.99,0.0,24.99,Refunded
ORD-001166,2026-06-28,Charlie Zhang,charlie.z@example.com,Heavy-Duty Desktop Stapler,Office Supplies,Europe,4,18.00,10.0,64.80,Completed
ORD-001167,2026-05-01,Diana Prince,diana.p@example.com,Cable Management Kit,Office Supplies,Asia Pacific,2,19.99,10.0,35.98,Completed
ORD-001168,2026-08-09,George Clark,george.c@example.com,SalesPulse Enterprise Annual License,Software & Cloud,Middle East,2,1200.00,20.0,1920.00,Refunded
ORD-001169,2026-05-13,Hannah Abbott,hannah.a@example.com,Logitech MX Master 3S,Electronics,Latin America,1,99.00,5.0,94.05,Completed
ORD-001170,2026-06-02,Bob Martinez,bob.m@example.com,Team Workspace Cloud Storage (1TB),Software & Cloud,Asia Pacific,1,120.00,0.0,120.00,Completed
ORD-001171,2026-06-08,Hannah Abbott,hannah.a@example.com,LED Desk Lamp with Wireless Charger,Furniture,Latin America,2,45.00,20.0,72.00,Completed
ORD-001172,2026-09-09,Evan Hughes,evan.h@example.com,Logitech MX Master 3S,Electronics,Middle East,10,99.00,5.0,940.50,Pending
ORD-001173,2026-06-08,Ian Malcolm,ian.m@example.com,Dell XPS 15,Electronics,North America,1,1899.00,5.0,1804.05,Completed
ORD-001174,2026-08-10,Charlie Zhang,charlie.z@example.com,Samsung 4K 32-inch Monitor,Electronics,Middle East,1,499.00,0.0,499.00,Pending
ORD-001175,2026-03-28,Hannah Abbott,hannah.a@example.com,SalesPulse Enterprise Annual License,Software & Cloud,North America,5,1200.00,5.0,5700.00,Completed
ORD-001176,2026-07-01,George Clark,george.c@example.com,Apple iPad Air M2,Electronics,Middle East,2,599.00,0.0,1198.00,Refunded
ORD-001177,2026-07-27,Hannah Abbott,hannah.a@example.com,Cable Management Kit,Office Supplies,Asia Pacific,1,19.99,15.0,16.99,Completed
ORD-001178,2026-06-01,George Clark,george.c@example.com,Heavy-Duty Desktop Stapler,Office Supplies,Middle East,3,18.00,0.0,54.00,Completed
ORD-001179,2026-06-25,Evan Hughes,evan.h@example.com,Dual Monitor Arm Mount,Furniture,Latin America,4,75.00,5.0,285.00,Completed
ORD-001180,2026-09-01,Hannah Abbott,hannah.a@example.com,Dry Erase Magnetic Whiteboard,Office Supplies,Asia Pacific,1,89.00,0.0,89.00,Completed
ORD-001181,2026-05-19,Bob Martinez,bob.m@example.com,Security Audit Suite Pro,Software & Cloud,Asia Pacific,1,450.00,0.0,450.00,Completed
ORD-001182,2026-05-17,Fiona Gallagher,fiona.g@example.com,Dell XPS 15,Electronics,Europe,1,1899.00,0.0,1899.00,Pending
ORD-001183,2026-05-21,Alice Walker,alice.w@example.com,Cable Management Kit,Office Supplies,North America,1,19.99,0.0,19.99,Completed
ORD-001184,2026-07-18,George Clark,george.c@example.com,SalesPulse Enterprise Annual License,Software & Cloud,Latin America,10,1200.00,20.0,9600.00,Refunded
ORD-001185,2026-07-30,Evan Hughes,evan.h@example.com,Cable Management Kit,Office Supplies,Middle East,2,19.99,0.0,39.98,Completed
ORD-001186,2026-09-20,Fiona Gallagher,fiona.g@example.com,Samsung 4K 32-inch Monitor,Electronics,Europe,4,499.00,0.0,1996.00,Completed
ORD-001187,2026-06-13,Fiona Gallagher,fiona.g@example.com,Sony WH-1000XM5 Headphones,Electronics,Latin America,1,399.00,10.0,359.10,Pending
ORD-001188,2026-06-05,Julia Roberts,julia.r@example.com,Samsung 4K 32-inch Monitor,Electronics,Latin America,1,499.00,10.0,449.10,Completed
ORD-001189,2026-07-24,Charlie Zhang,charlie.z@example.com,API Gateway Developer Pass,Software & Cloud,Latin America,1,299.00,0.0,299.00,Refunded
ORD-001190,2026-08-04,Hannah Abbott,hannah.a@example.com,Electric Standing Desk 60x30,Furniture,Middle East,1,580.00,20.0,464.00,Completed
ORD-001191,2026-08-16,Fiona Gallagher,fiona.g@example.com,Apple iPad Air M2,Electronics,Latin America,2,599.00,0.0,1198.00,Pending
ORD-001192,2026-09-05,Julia Roberts,julia.r@example.com,Team Workspace Cloud Storage (1TB),Software & Cloud,Europe,1,120.00,5.0,114.00,Pending
ORD-001193,2026-08-25,Diana Prince,diana.p@example.com,Dual Monitor Arm Mount,Furniture,North America,3,75.00,0.0,225.00,Refunded
ORD-001194,2026-07-22,Charlie Zhang,charlie.z@example.com,Gel Pen Set (12-pack),Office Supplies,Europe,3,14.50,5.0,41.32,Completed
ORD-001195,2026-09-06,Evan Hughes,evan.h@example.com,Heavy-Duty Desktop Stapler,Office Supplies,Latin America,1,18.00,10.0,16.20,Completed
ORD-001196,2026-06-08,Charlie Zhang,charlie.z@example.com,SalesPulse Enterprise Annual License,Software & Cloud,Latin America,2,1200.00,0.0,2400.00,Completed
ORD-001197,2026-07-18,Julia Roberts,julia.r@example.com,SalesPulse Enterprise Annual License,Software & Cloud,Asia Pacific,2,1200.00,0.0,2400.00,Refunded
ORD-001198,2026-04-11,Hannah Abbott,hannah.a@example.com,Heavy-Duty Desktop Stapler,Office Supplies,Latin America,3,18.00,0.0,54.00,Completed
ORD-001199,2026-05-08,Julia Roberts,julia.r@example.com,SalesPulse Enterprise Annual License,Software & Cloud,Asia Pacific,1,1200.00,0.0,1200.00,Completed
ORD-001200,2026-05-10,Hannah Abbott,hannah.a@example.com,Gel Pen Set (12-pack),Office Supplies,North America,1,14.50,5.0,13.77,Completed
ORD-001201,2026-03-30,Hannah Abbott,hannah.a@example.com,Gel Pen Set (12-pack),Office Supplies,Latin America,1,14.50,0.0,14.50,Completed
ORD-001202,2026-09-23,Bob Martinez,bob.m@example.com,Heavy-Duty Desktop Stapler,Office Supplies,Latin America,1,18.00,0.0,18.00,Completed
ORD-001203,2026-04-11,Evan Hughes,evan.h@example.com,LED Desk Lamp with Wireless Charger,Furniture,Middle East,1,45.00,10.0,40.50,Completed
ORD-001204,2026-06-30,Fiona Gallagher,fiona.g@example.com,Electric Standing Desk 60x30,Furniture,North America,1,580.00,5.0,551.00,Completed
ORD-001205,2026-05-10,Bob Martinez,bob.m@example.com,Gel Pen Set (12-pack),Office Supplies,Asia Pacific,4,14.50,0.0,58.00,Completed
ORD-001206,2026-05-03,Alice Walker,alice.w@example.com,Apple iPad Air M2,Electronics,North America,1,599.00,10.0,539.10,Refunded
ORD-001207,2026-07-19,Bob Martinez,bob.m@example.com,Security Audit Suite Pro,Software & Cloud,Middle East,3,450.00,0.0,1350.00,Completed
ORD-001208,2026-06-02,Ian Malcolm,ian.m@example.com,Premium Hardcover Notebooks (Pack of 3),Office Supplies,Europe,10,24.99,10.0,224.91,Completed
ORD-001209,2026-04-18,Evan Hughes,evan.h@example.com,LED Desk Lamp with Wireless Charger,Furniture,Latin America,1,45.00,15.0,38.25,Completed
ORD-001210,2026-07-30,Ian Malcolm,ian.m@example.com,Gel Pen Set (12-pack),Office Supplies,Middle East,1,14.50,0.0,14.50,Completed
ORD-001211,2026-07-29,George Clark,george.c@example.com,Ergonomic Mesh Chair,Furniture,North America,3,350.00,5.0,997.50,Completed
ORD-001212,2026-08-21,Evan Hughes,evan.h@example.com,Ergonomic Mesh Chair,Furniture,North America,1,350.00,0.0,350.00,Refunded
ORD-001213,2026-07-05,Bob Martinez,bob.m@example.com,Electric Standing Desk 60x30,Furniture,Middle East,2,580.00,0.0,1160.00,Completed
ORD-001214,2026-05-17,George Clark,george.c@example.com,Heavy-Duty Desktop Stapler,Office Supplies,North America,1,18.00,0.0,18.00,Completed
ORD-001215,2026-09-01,Ian Malcolm,ian.m@example.com,Dry Erase Magnetic Whiteboard,Office Supplies,Europe,1,89.00,0.0,89.00,Completed
ORD-001216,2026-05-25,George Clark,george.c@example.com,API Gateway Developer Pass,Software & Cloud,Asia Pacific,5,299.00,0.0,1495.00,Refunded
ORD-001217,2026-04-19,Ian Malcolm,ian.m@example.com,SalesPulse Enterprise Annual License,Software & Cloud,Asia Pacific,10,1200.00,0.0,12000.00,Completed
ORD-001218,2026-09-02,Hannah Abbott,hannah.a@example.com,Samsung 4K 32-inch Monitor,Electronics,Asia Pacific,1,499.00,5.0,474.05,Completed
ORD-001219,2026-09-12,Ian Malcolm,ian.m@example.com,LED Desk Lamp with Wireless Charger,Furniture,Middle East,10,45.00,0.0,450.00,Completed
ORD-001220,2026-05-24,Julia Roberts,julia.r@example.com,Gel Pen Set (12-pack),Office Supplies,Europe,2,14.50,0.0,29.00,Refunded
ORD-001221,2026-05-21,Charlie Zhang,charlie.z@example.com,Logitech MX Master 3S,Electronics,North America,1,99.00,0.0,99.00,Refunded
ORD-001222,2026-09-17,Diana Prince,diana.p@example.com,Dell XPS 15,Electronics,Asia Pacific,1,1899.00,5.0,1804.05,Completed
ORD-001223,2026-04-07,Fiona Gallagher,fiona.g@example.com,MacBook Pro 16,Electronics,Latin America,1,2499.00,5.0,2374.05,Completed
ORD-001224,2026-06-12,Diana Prince,diana.p@example.com,Dry Erase Magnetic Whiteboard,Office Supplies,Middle East,2,89.00,0.0,178.00,Completed
ORD-001225,2026-06-28,Alice Walker,alice.w@example.com,Heavy-Duty Desktop Stapler,Office Supplies,Europe,10,18.00,0.0,180.00,Completed
ORD-001226,2026-09-18,George Clark,george.c@example.com,Ergonomic Mesh Chair,Furniture,Europe,1,350.00,0.0,350.00,Completed
ORD-001227,2026-05-20,Charlie Zhang,charlie.z@example.com,Cable Management Kit,Office Supplies,North America,2,19.99,5.0,37.98,Completed
ORD-001228,2026-08-29,Diana Prince,diana.p@example.com,Heavy-Duty Desktop Stapler,Office Supplies,Latin America,2,18.00,0.0,36.00,Completed
ORD-001229,2026-08-25,Alice Walker,alice.w@example.com,Team Workspace Cloud Storage (1TB),Software & Cloud,North America,1,120.00,0.0,120.00,Completed
ORD-001230,2026-06-18,Alice Walker,alice.w@example.com,Heavy-Duty Desktop Stapler,Office Supplies,Asia Pacific,2,18.00,5.0,34.20,Completed
ORD-001231,2026-09-05,Hannah Abbott,hannah.a@example.com,Dry Erase Magnetic Whiteboard,Office Supplies,North America,3,89.00,0.0,267.00,Completed
ORD-001232,2026-08-24,Hannah Abbott,hannah.a@example.com,Apple iPad Air M2,Electronics,Europe,1,599.00,0.0,599.00,Pending
ORD-001233,2026-03-28,Charlie Zhang,charlie.z@example.com,Dual Monitor Arm Mount,Furniture,Latin America,2,75.00,5.0,142.50,Completed
ORD-001234,2026-05-23,Evan Hughes,evan.h@example.com,Under-desk Footrest,Furniture,North America,2,35.00,0.0,70.00,Completed
ORD-001235,2026-07-31,Ian Malcolm,ian.m@example.com,Premium Hardcover Notebooks (Pack of 3),Office Supplies,Latin America,4,24.99,0.0,99.96,Pending
ORD-001236,2026-08-14,Julia Roberts,julia.r@example.com,LED Desk Lamp with Wireless Charger,Furniture,Europe,4,45.00,5.0,171.00,Pending
ORD-001237,2026-05-29,Bob Martinez,bob.m@example.com,Team Workspace Cloud Storage (1TB),Software & Cloud,North America,2,120.00,0.0,240.00,Completed
ORD-001238,2026-06-09,Alice Walker,alice.w@example.com,Heavy-Duty Desktop Stapler,Office Supplies,Europe,10,18.00,10.0,162.00,Completed
ORD-001239,2026-05-29,Evan Hughes,evan.h@example.com,Heavy-Duty Desktop Stapler,Office Supplies,Latin America,1,18.00,0.0,18.00,Pending
ORD-001240,2026-05-15,Evan Hughes,evan.h@example.com,Gel Pen Set (12-pack),Office Supplies,Asia Pacific,3,14.50,15.0,36.98,Completed
ORD-001241,2026-04-08,Bob Martinez,bob.m@example.com,Team Workspace Cloud Storage (1TB),Software & Cloud,Middle East,4,120.00,10.0,432.00,Completed
ORD-001242,2026-05-16,Fiona Gallagher,fiona.g@example.com,Apple iPad Air M2,Electronics,Middle East,1,599.00,0.0,599.00,Refunded
ORD-001243,2026-04-23,Diana Prince,diana.p@example.com,Premium Hardcover Notebooks (Pack of 3),Office Supplies,Middle East,1,24.99,0.0,24.99,Refunded
ORD-001244,2026-09-15,Ian Malcolm,ian.m@example.com,Security Audit Suite Pro,Software & Cloud,Asia Pacific,5,450.00,0.0,2250.00,Completed
ORD-001245,2026-05-26,Bob Martinez,bob.m@example.com,Dual Monitor Arm Mount,Furniture,Europe,2,75.00,0.0,150.00,Completed
ORD-001246,2026-04-23,Fiona Gallagher,fiona.g@example.com,SalesPulse Enterprise Annual License,Software & Cloud,Latin America,3,1200.00,0.0,3600.00,Pending
ORD-001247,2026-05-24,Hannah Abbott,hannah.a@example.com,Apple iPad Air M2,Electronics,Asia Pacific,1,599.00,20.0,479.20,Completed
ORD-001248,2026-07-02,Hannah Abbott,hannah.a@example.com,Under-desk Footrest,Furniture,Middle East,2,35.00,15.0,59.50,Completed
ORD-001249,2026-05-19,Diana Prince,diana.p@example.com,Security Audit Suite Pro,Software & Cloud,Asia Pacific,1,450.00,0.0,450.00,Completed
ORD-001250,2026-04-09,Hannah Abbott,hannah.a@example.com,Sony WH-1000XM5 Headphones,Electronics,Europe,1,399.00,0.0,399.00,Completed
ORD-001251,2026-08-25,George Clark,george.c@example.com,Dual Monitor Arm Mount,Furniture,North America,1,75.00,10.0,67.50,Refunded
ORD-001252,2026-04-27,George Clark,george.c@example.com,Samsung 4K 32-inch Monitor,Electronics,North America,4,499.00,0.0,1996.00,Completed
ORD-001253,2026-08-12,Julia Roberts,julia.r@example.com,Gel Pen Set (12-pack),Office Supplies,Middle East,2,14.50,0.0,29.00,Completed
ORD-001254,2026-08-16,Alice Walker,alice.w@example.com,Dual Monitor Arm Mount,Furniture,Asia Pacific,2,75.00,0.0,150.00,Pending
ORD-001255,2026-06-29,Ian Malcolm,ian.m@example.com,Gel Pen Set (12-pack),Office Supplies,Europe,1,14.50,0.0,14.50,Pending
ORD-001256,2026-07-01,Alice Walker,alice.w@example.com,MacBook Pro 16,Electronics,Asia Pacific,2,2499.00,0.0,4998.00,Completed
ORD-001257,2026-06-10,Bob Martinez,bob.m@example.com,Ergonomic Mesh Chair,Furniture,Middle East,1,350.00,0.0,350.00,Refunded
ORD-001258,2026-09-02,Diana Prince,diana.p@example.com,Cable Management Kit,Office Supplies,North America,1,19.99,0.0,19.99,Refunded
ORD-001259,2026-06-11,Bob Martinez,bob.m@example.com,Security Audit Suite Pro,Software & Cloud,Latin America,1,450.00,0.0,450.00,Pending
ORD-001260,2026-06-17,George Clark,george.c@example.com,Logitech MX Master 3S,Electronics,Asia Pacific,2,99.00,0.0,198.00,Completed
ORD-001261,2026-08-14,Ian Malcolm,ian.m@example.com,Dry Erase Magnetic Whiteboard,Office Supplies,Middle East,1,89.00,0.0,89.00,Completed
ORD-001262,2026-05-10,Evan Hughes,evan.h@example.com,Cable Management Kit,Office Supplies,North America,1,19.99,0.0,19.99,Completed
ORD-001263,2026-06-02,Hannah Abbott,hannah.a@example.com,Ergonomic Mesh Chair,Furniture,Latin America,2,350.00,0.0,700.00,Pending
ORD-001264,2026-05-13,Alice Walker,alice.w@example.com,Under-desk Footrest,Furniture,Latin America,2,35.00,0.0,70.00,Refunded
ORD-001265,2026-06-11,Diana Prince,diana.p@example.com,Team Workspace Cloud Storage (1TB),Software & Cloud,Middle East,4,120.00,10.0,432.00,Refunded
ORD-001266,2026-06-22,Diana Prince,diana.p@example.com,Samsung 4K 32-inch Monitor,Electronics,Latin America,1,499.00,0.0,499.00,Completed
ORD-001267,2026-08-04,Charlie Zhang,charlie.z@example.com,SalesPulse Enterprise Annual License,Software & Cloud,North America,1,1200.00,0.0,1200.00,Completed
ORD-001268,2026-05-07,Alice Walker,alice.w@example.com,Under-desk Footrest,Furniture,Latin America,10,35.00,10.0,315.00,Refunded
ORD-001269,2026-07-01,Ian Malcolm,ian.m@example.com,Gel Pen Set (12-pack),Office Supplies,Europe,1,14.50,0.0,14.50,Completed
ORD-001270,2026-09-01,Fiona Gallagher,fiona.g@example.com,Dual Monitor Arm Mount,Furniture,Middle East,2,75.00,5.0,142.50,Completed
ORD-001271,2026-04-26,Julia Roberts,julia.r@example.com,Apple iPad Air M2,Electronics,Europe,1,599.00,10.0,539.10,Refunded
ORD-001272,2026-04-21,Hannah Abbott,hannah.a@example.com,Dry Erase Magnetic Whiteboard,Office Supplies,Middle East,2,89.00,20.0,142.40,Completed
ORD-001273,2026-06-22,Bob Martinez,bob.m@example.com,SalesPulse Enterprise Annual License,Software & Cloud,Asia Pacific,1,1200.00,5.0,1140.00,Completed
ORD-001274,2026-08-24,Hannah Abbott,hannah.a@example.com,Electric Standing Desk 60x30,Furniture,North America,1,580.00,0.0,580.00,Pending
ORD-001275,2026-09-02,Diana Prince,diana.p@example.com,Ergonomic Mesh Chair,Furniture,Middle East,3,350.00,15.0,892.50,Completed
ORD-001276,2026-05-13,Evan Hughes,evan.h@example.com,Team Workspace Cloud Storage (1TB),Software & Cloud,Middle East,1,120.00,0.0,120.00,Completed
ORD-001277,2026-06-13,Alice Walker,alice.w@example.com,Under-desk Footrest,Furniture,Middle East,1,35.00,5.0,33.25,Pending
ORD-001278,2026-04-27,Evan Hughes,evan.h@example.com,Cable Management Kit,Office Supplies,Europe,4,19.99,0.0,79.96,Completed
ORD-001279,2026-04-05,Evan Hughes,evan.h@example.com,MacBook Pro 16,Electronics,Asia Pacific,10,2499.00,0.0,24990.00,Completed
ORD-001280,2026-05-08,Julia Roberts,julia.r@example.com,Heavy-Duty Desktop Stapler,Office Supplies,Middle East,1,18.00,0.0,18.00,Completed
ORD-001281,2026-05-13,Hannah Abbott,hannah.a@example.com,LED Desk Lamp with Wireless Charger,Furniture,Europe,1,45.00,0.0,45.00,Pending
ORD-001282,2026-07-27,Evan Hughes,evan.h@example.com,Heavy-Duty Desktop Stapler,Office Supplies,Middle East,1,18.00,0.0,18.00,Pending
ORD-001283,2026-07-06,Diana Prince,diana.p@example.com,Electric Standing Desk 60x30,Furniture,Latin America,4,580.00,0.0,2320.00,Completed
ORD-001284,2026-03-30,Fiona Gallagher,fiona.g@example.com,Cable Management Kit,Office Supplies,Latin America,2,19.99,20.0,31.98,Pending
ORD-001285,2026-07-16,Alice Walker,alice.w@example.com,Security Audit Suite Pro,Software & Cloud,Asia Pacific,1,450.00,0.0,450.00,Completed
ORD-001286,2026-09-12,Ian Malcolm,ian.m@example.com,MacBook Pro 16,Electronics,Latin America,2,2499.00,0.0,4998.00,Completed
ORD-001287,2026-09-12,Alice Walker,alice.w@example.com,Apple iPad Air M2,Electronics,Asia Pacific,1,599.00,0.0,599.00,Completed
ORD-001288,2026-04-08,Ian Malcolm,ian.m@example.com,Dry Erase Magnetic Whiteboard,Office Supplies,Europe,2,89.00,0.0,178.00,Completed
ORD-001289,2026-08-18,Hannah Abbott,hannah.a@example.com,Logitech MX Master 3S,Electronics,Asia Pacific,1,99.00,10.0,89.10,Completed
ORD-001290,2026-08-09,Bob Martinez,bob.m@example.com,Heavy-Duty Desktop Stapler,Office Supplies,Middle East,3,18.00,0.0,54.00,Completed
ORD-001291,2026-07-23,Alice Walker,alice.w@example.com,Ergonomic Mesh Chair,Furniture,North America,1,350.00,0.0,350.00,Pending
ORD-001292,2026-06-15,Hannah Abbott,hannah.a@example.com,Dual Monitor Arm Mount,Furniture,Asia Pacific,1,75.00,15.0,63.75,Pending
ORD-001293,2026-08-28,Hannah Abbott,hannah.a@example.com,LED Desk Lamp with Wireless Charger,Furniture,Latin America,1,45.00,10.0,40.50,Refunded
ORD-001294,2026-09-15,Diana Prince,diana.p@example.com,API Gateway Developer Pass,Software & Cloud,Asia Pacific,2,299.00,15.0,508.30,Completed
ORD-001295,2026-05-11,Julia Roberts,julia.r@example.com,Dell XPS 15,Electronics,Asia Pacific,3,1899.00,5.0,5412.15,Completed
ORD-001296,2026-04-06,Julia Roberts,julia.r@example.com,API Gateway Developer Pass,Software & Cloud,Asia Pacific,1,299.00,15.0,254.15,Refunded
ORD-001297,2026-04-30,Julia Roberts,julia.r@example.com,LED Desk Lamp with Wireless Charger,Furniture,Middle East,10,45.00,0.0,450.00,Completed
ORD-001298,2026-08-19,Alice Walker,alice.w@example.com,Team Workspace Cloud Storage (1TB),Software & Cloud,Asia Pacific,1,120.00,0.0,120.00,Refunded
ORD-001299,2026-06-28,Diana Prince,diana.p@example.com,Electric Standing Desk 60x30,Furniture,Asia Pacific,2,580.00,5.0,1102.00,Completed
ORD-001300,2026-07-18,Fiona Gallagher,fiona.g@example.com,Heavy-Duty Desktop Stapler,Office Supplies,Europe,1,18.00,0.0,18.00,Refunded
ORD-001301,2026-05-06,Evan Hughes,evan.h@example.com,Heavy-Duty Desktop Stapler,Office Supplies,Middle East,3,18.00,0.0,54.00,Completed
ORD-001302,2026-07-27,Alice Walker,alice.w@example.com,Heavy-Duty Desktop Stapler,Office Supplies,Europe,1,18.00,15.0,15.30,Completed
ORD-001303,2026-09-23,George Clark,george.c@example.com,Team Workspace Cloud Storage (1TB),Software & Cloud,Europe,4,120.00,0.0,480.00,Completed
ORD-001304,2026-07-07,Evan Hughes,evan.h@example.com,SalesPulse Enterprise Annual License,Software & Cloud,North America,1,1200.00,5.0,1140.00,Pending
ORD-001305,2026-09-11,Evan Hughes,evan.h@example.com,Apple iPad Air M2,Electronics,Middle East,3,599.00,0.0,1797.00,Pending
ORD-001306,2026-04-01,Charlie Zhang,charlie.z@example.com,Under-desk Footrest,Furniture,Middle East,1,35.00,0.0,35.00,Completed
ORD-001307,2026-07-06,Julia Roberts,julia.r@example.com,MacBook Pro 16,Electronics,Middle East,1,2499.00,20.0,1999.20,Refunded
ORD-001308,2026-08-26,Evan Hughes,evan.h@example.com,Heavy-Duty Desktop Stapler,Office Supplies,North America,2,18.00,5.0,34.20,Completed
ORD-001309,2026-04-12,Bob Martinez,bob.m@example.com,Sony WH-1000XM5 Headphones,Electronics,Europe,2,399.00,0.0,798.00,Completed
ORD-001310,2026-08-12,Diana Prince,diana.p@example.com,Under-desk Footrest,Furniture,Latin America,1,35.00,5.0,33.25,Pending
ORD-001311,2026-04-23,Diana Prince,diana.p@example.com,Electric Standing Desk 60x30,Furniture,Asia Pacific,5,580.00,0.0,2900.00,Completed
ORD-001312,2026-04-20,Bob Martinez,bob.m@example.com,Heavy-Duty Desktop Stapler,Office Supplies,Europe,3,18.00,5.0,51.30,Completed
ORD-001313,2026-07-10,Charlie Zhang,charlie.z@example.com,Apple iPad Air M2,Electronics,Middle East,1,599.00,5.0,569.05,Completed
ORD-001314,2026-07-07,Charlie Zhang,charlie.z@example.com,SalesPulse Enterprise Annual License,Software & Cloud,North America,3,1200.00,5.0,3420.00,Refunded
ORD-001315,2026-09-04,Evan Hughes,evan.h@example.com,Gel Pen Set (12-pack),Office Supplies,Asia Pacific,4,14.50,15.0,49.30,Refunded
ORD-001316,2026-08-10,Alice Walker,alice.w@example.com,LED Desk Lamp with Wireless Charger,Furniture,Asia Pacific,1,45.00,0.0,45.00,Completed
ORD-001317,2026-04-02,Diana Prince,diana.p@example.com,Electric Standing Desk 60x30,Furniture,Latin America,1,580.00,0.0,580.00,Completed
ORD-001318,2026-06-23,Fiona Gallagher,fiona.g@example.com,Gel Pen Set (12-pack),Office Supplies,Latin America,2,14.50,0.0,29.00,Pending
ORD-001319,2026-06-26,Evan Hughes,evan.h@example.com,Security Audit Suite Pro,Software & Cloud,North America,1,450.00,0.0,450.00,Completed
ORD-001320,2026-06-18,Bob Martinez,bob.m@example.com,Electric Standing Desk 60x30,Furniture,North America,1,580.00,10.0,522.00,Pending
ORD-001321,2026-07-30,Charlie Zhang,charlie.z@example.com,Premium Hardcover Notebooks (Pack of 3),Office Supplies,Europe,2,24.99,0.0,49.98,Completed
ORD-001322,2026-07-02,Fiona Gallagher,fiona.g@example.com,Electric Standing Desk 60x30,Furniture,Latin America,5,580.00,0.0,2900.00,Pending
ORD-001323,2026-07-11,Ian Malcolm,ian.m@example.com,Samsung 4K 32-inch Monitor,Electronics,North America,1,499.00,0.0,499.00,Refunded
ORD-001324,2026-07-10,Julia Roberts,julia.r@example.com,Under-desk Footrest,Furniture,Asia Pacific,2,35.00,10.0,63.00,Completed
ORD-001325,2026-07-23,Alice Walker,alice.w@example.com,Cable Management Kit,Office Supplies,Europe,1,19.99,15.0,16.99,Completed
ORD-001326,2026-06-25,Julia Roberts,julia.r@example.com,SalesPulse Enterprise Annual License,Software & Cloud,Latin America,3,1200.00,0.0,3600.00,Pending
ORD-001327,2026-09-24,Hannah Abbott,hannah.a@example.com,Security Audit Suite Pro,Software & Cloud,Latin America,1,450.00,10.0,405.00,Refunded
ORD-001328,2026-05-02,Charlie Zhang,charlie.z@example.com,Ergonomic Mesh Chair,Furniture,North America,1,350.00,5.0,332.50,Pending
ORD-001329,2026-07-24,Julia Roberts,julia.r@example.com,Premium Hardcover Notebooks (Pack of 3),Office Supplies,Latin America,2,24.99,0.0,49.98,Completed
ORD-001330,2026-07-13,Diana Prince,diana.p@example.com,Cable Management Kit,Office Supplies,Europe,3,19.99,0.0,59.97,Completed
ORD-001331,2026-05-28,Julia Roberts,julia.r@example.com,Dry Erase Magnetic Whiteboard,Office Supplies,Middle East,2,89.00,0.0,178.00,Completed
ORD-001332,2026-05-04,Bob Martinez,bob.m@example.com,Apple iPad Air M2,Electronics,Latin America,1,599.00,15.0,509.15,Completed
ORD-001333,2026-08-25,Evan Hughes,evan.h@example.com,Apple iPad Air M2,Electronics,Asia Pacific,1,599.00,0.0,599.00,Completed
ORD-001334,2026-05-23,Alice Walker,alice.w@example.com,Security Audit Suite Pro,Software & Cloud,Europe,1,450.00,5.0,427.50,Completed
ORD-001335,2026-06-26,Diana Prince,diana.p@example.com,Dual Monitor Arm Mount,Furniture,Latin America,4,75.00,0.0,300.00,Completed
ORD-001336,2026-08-19,Hannah Abbott,hannah.a@example.com,LED Desk Lamp with Wireless Charger,Furniture,North America,1,45.00,5.0,42.75,Completed
ORD-001337,2026-07-27,Diana Prince,diana.p@example.com,API Gateway Developer Pass,Software & Cloud,Latin America,4,299.00,0.0,1196.00,Pending
ORD-001338,2026-04-18,Ian Malcolm,ian.m@example.com,Ergonomic Mesh Chair,Furniture,Middle East,2,350.00,0.0,700.00,Completed
ORD-001339,2026-09-09,Evan Hughes,evan.h@example.com,Apple iPad Air M2,Electronics,North America,3,599.00,0.0,1797.00,Refunded
ORD-001340,2026-04-16,Fiona Gallagher,fiona.g@example.com,Cable Management Kit,Office Supplies,Europe,1,19.99,10.0,17.99,Pending
ORD-001341,2026-08-18,Julia Roberts,julia.r@example.com,Dual Monitor Arm Mount,Furniture,Latin America,2,75.00,10.0,135.00,Completed
ORD-001342,2026-07-18,Charlie Zhang,charlie.z@example.com,Heavy-Duty Desktop Stapler,Office Supplies,Asia Pacific,1,18.00,0.0,18.00,Refunded
ORD-001343,2026-08-16,George Clark,george.c@example.com,Heavy-Duty Desktop Stapler,Office Supplies,Latin America,1,18.00,0.0,18.00,Completed
ORD-001344,2026-07-27,Bob Martinez,bob.m@example.com,Dell XPS 15,Electronics,Asia Pacific,2,1899.00,10.0,3418.20,Completed
ORD-001345,2026-05-08,Charlie Zhang,charlie.z@example.com,LED Desk Lamp with Wireless Charger,Furniture,Asia Pacific,1,45.00,0.0,45.00,Refunded
ORD-001346,2026-07-17,Ian Malcolm,ian.m@example.com,SalesPulse Enterprise Annual License,Software & Cloud,Europe,3,1200.00,5.0,3420.00,Completed
ORD-001347,2026-07-26,Julia Roberts,julia.r@example.com,Under-desk Footrest,Furniture,Europe,1,35.00,0.0,35.00,Completed
ORD-001348,2026-04-14,Fiona Gallagher,fiona.g@example.com,Dry Erase Magnetic Whiteboard,Office Supplies,Europe,2,89.00,15.0,151.30,Pending
ORD-001349,2026-07-13,Charlie Zhang,charlie.z@example.com,Heavy-Duty Desktop Stapler,Office Supplies,Europe,1,18.00,10.0,16.20,Completed
ORD-001350,2026-08-17,Diana Prince,diana.p@example.com,MacBook Pro 16,Electronics,Asia Pacific,2,2499.00,15.0,4248.30,Completed
ORD-001351,2026-07-06,Alice Walker,alice.w@example.com,Under-desk Footrest,Furniture,Latin America,1,35.00,15.0,29.75,Refunded
ORD-001352,2026-09-17,Charlie Zhang,charlie.z@example.com,Gel Pen Set (12-pack),Office Supplies,Latin America,1,14.50,0.0,14.50,Completed
ORD-001353,2026-08-08,Charlie Zhang,charlie.z@example.com,Ergonomic Mesh Chair,Furniture,Europe,4,350.00,0.0,1400.00,Completed
ORD-001354,2026-08-11,Bob Martinez,bob.m@example.com,API Gateway Developer Pass,Software & Cloud,Middle East,1,299.00,0.0,299.00,Completed
ORD-001355,2026-07-12,Julia Roberts,julia.r@example.com,Sony WH-1000XM5 Headphones,Electronics,North America,1,399.00,0.0,399.00,Completed
ORD-001356,2026-09-15,Julia Roberts,julia.r@example.com,Samsung 4K 32-inch Monitor,Electronics,Asia Pacific,4,499.00,0.0,1996.00,Completed
ORD-001357,2026-04-20,Evan Hughes,evan.h@example.com,Premium Hardcover Notebooks (Pack of 3),Office Supplies,North America,1,24.99,0.0,24.99,Refunded
ORD-001358,2026-05-30,Ian Malcolm,ian.m@example.com,Cable Management Kit,Office Supplies,Europe,3,19.99,10.0,53.97,Completed
ORD-001359,2026-07-02,Hannah Abbott,hannah.a@example.com,Samsung 4K 32-inch Monitor,Electronics,Latin America,1,499.00,5.0,474.05,Completed
ORD-001360,2026-09-11,Fiona Gallagher,fiona.g@example.com,SalesPulse Enterprise Annual License,Software & Cloud,North America,1,1200.00,5.0,1140.00,Refunded
ORD-001361,2026-09-08,Julia Roberts,julia.r@example.com,Gel Pen Set (12-pack),Office Supplies,Latin America,1,14.50,15.0,12.32,Pending
ORD-001362,2026-05-26,Hannah Abbott,hannah.a@example.com,Security Audit Suite Pro,Software & Cloud,Middle East,2,450.00,0.0,900.00,Completed
ORD-001363,2026-05-31,George Clark,george.c@example.com,Under-desk Footrest,Furniture,North America,1,35.00,5.0,33.25,Completed
ORD-001364,2026-05-31,George Clark,george.c@example.com,Sony WH-1000XM5 Headphones,Electronics,Asia Pacific,1,399.00,0.0,399.00,Completed
ORD-001365,2026-04-30,Fiona Gallagher,fiona.g@example.com,SalesPulse Enterprise Annual License,Software & Cloud,Asia Pacific,1,1200.00,10.0,1080.00,Completed
ORD-001366,2026-06-24,Ian Malcolm,ian.m@example.com,Gel Pen Set (12-pack),Office Supplies,Latin America,1,14.50,20.0,11.60,Completed
ORD-001367,2026-09-13,Evan Hughes,evan.h@example.com,API Gateway Developer Pass,Software & Cloud,Middle East,2,299.00,5.0,568.10,Completed
ORD-001368,2026-09-22,George Clark,george.c@example.com,Cable Management Kit,Office Supplies,Latin America,2,19.99,0.0,39.98,Completed
ORD-001369,2026-08-24,George Clark,george.c@example.com,Apple iPad Air M2,Electronics,Middle East,1,599.00,5.0,569.05,Pending
ORD-001370,2026-06-21,Fiona Gallagher,fiona.g@example.com,Team Workspace Cloud Storage (1TB),Software & Cloud,Latin America,1,120.00,10.0,108.00,Refunded
ORD-001371,2026-06-04,Ian Malcolm,ian.m@example.com,Under-desk Footrest,Furniture,Europe,1,35.00,0.0,35.00,Completed
ORD-001372,2026-07-13,Julia Roberts,julia.r@example.com,Under-desk Footrest,Furniture,Asia Pacific,1,35.00,0.0,35.00,Refunded
ORD-001373,2026-08-05,Diana Prince,diana.p@example.com,Heavy-Duty Desktop Stapler,Office Supplies,North America,4,18.00,0.0,72.00,Completed
ORD-001374,2026-05-20,Evan Hughes,evan.h@example.com,Dual Monitor Arm Mount,Furniture,Asia Pacific,4,75.00,0.0,300.00,Completed
ORD-001375,2026-06-04,Julia Roberts,julia.r@example.com,Team Workspace Cloud Storage (1TB),Software & Cloud,Middle East,2,120.00,15.0,204.00,Completed
ORD-001376,2026-06-19,Diana Prince,diana.p@example.com,Under-desk Footrest,Furniture,Latin America,1,35.00,0.0,35.00,Completed
ORD-001377,2026-09-09,Evan Hughes,evan.h@example.com,LED Desk Lamp with Wireless Charger,Furniture,Asia Pacific,2,45.00,10.0,81.00,Completed
ORD-001378,2026-04-13,Hannah Abbott,hannah.a@example.com,Under-desk Footrest,Furniture,North America,1,35.00,10.0,31.50,Completed
ORD-001379,2026-04-19,Diana Prince,diana.p@example.com,Dual Monitor Arm Mount,Furniture,Middle East,5,75.00,15.0,318.75,Refunded
ORD-001380,2026-08-11,Bob Martinez,bob.m@example.com,Heavy-Duty Desktop Stapler,Office Supplies,Middle East,1,18.00,10.0,16.20,Refunded
ORD-001381,2026-09-08,Alice Walker,alice.w@example.com,Sony WH-1000XM5 Headphones,Electronics,Europe,4,399.00,0.0,1596.00,Completed
ORD-001382,2026-04-28,Alice Walker,alice.w@example.com,Gel Pen Set (12-pack),Office Supplies,Middle East,1,14.50,0.0,14.50,Pending
ORD-001383,2026-06-16,George Clark,george.c@example.com,Gel Pen Set (12-pack),Office Supplies,North America,1,14.50,0.0,14.50,Completed
ORD-001384,2026-06-30,Julia Roberts,julia.r@example.com,SalesPulse Enterprise Annual License,Software & Cloud,North America,3,1200.00,10.0,3240.00,Completed
ORD-001385,2026-04-20,Charlie Zhang,charlie.z@example.com,MacBook Pro 16,Electronics,North America,1,2499.00,5.0,2374.05,Completed
ORD-001386,2026-08-13,Diana Prince,diana.p@example.com,Security Audit Suite Pro,Software & Cloud,North America,1,450.00,0.0,450.00,Pending
ORD-001387,2026-05-03,Alice Walker,alice.w@example.com,SalesPulse Enterprise Annual License,Software & Cloud,Middle East,1,1200.00,0.0,1200.00,Pending
ORD-001388,2026-07-17,Hannah Abbott,hannah.a@example.com,Team Workspace Cloud Storage (1TB),Software & Cloud,Asia Pacific,1,120.00,0.0,120.00,Pending
ORD-001389,2026-04-23,Diana Prince,diana.p@example.com,Dry Erase Magnetic Whiteboard,Office Supplies,Middle East,1,89.00,0.0,89.00,Completed
ORD-001390,2026-08-23,Hannah Abbott,hannah.a@example.com,Premium Hardcover Notebooks (Pack of 3),Office Supplies,North America,1,24.99,5.0,23.74,Pending
ORD-001391,2026-06-23,Bob Martinez,bob.m@example.com,Team Workspace Cloud Storage (1TB),Software & Cloud,North America,1,120.00,0.0,120.00,Completed
ORD-001392,2026-08-26,Alice Walker,alice.w@example.com,Premium Hardcover Notebooks (Pack of 3),Office Supplies,Europe,1,24.99,0.0,24.99,Completed
ORD-001393,2026-09-13,Alice Walker,alice.w@example.com,Dry Erase Magnetic Whiteboard,Office Supplies,Asia Pacific,1,89.00,0.0,89.00,Completed
ORD-001394,2026-09-19,Evan Hughes,evan.h@example.com,Team Workspace Cloud Storage (1TB),Software & Cloud,Latin America,2,120.00,0.0,240.00,Completed
ORD-001395,2026-04-24,Bob Martinez,bob.m@example.com,LED Desk Lamp with Wireless Charger,Furniture,Latin America,10,45.00,0.0,450.00,Completed
ORD-001396,2026-07-24,Ian Malcolm,ian.m@example.com,Heavy-Duty Desktop Stapler,Office Supplies,Middle East,1,18.00,0.0,18.00,Completed
ORD-001397,2026-07-04,Evan Hughes,evan.h@example.com,LED Desk Lamp with Wireless Charger,Furniture,Asia Pacific,1,45.00,0.0,45.00,Completed
ORD-001398,2026-06-28,Julia Roberts,julia.r@example.com,Dell XPS 15,Electronics,Asia Pacific,2,1899.00,5.0,3608.10,Completed
ORD-001399,2026-05-28,Bob Martinez,bob.m@example.com,Dry Erase Magnetic Whiteboard,Office Supplies,North America,2,89.00,20.0,142.40,Refunded
ORD-001400,2026-07-23,Evan Hughes,evan.h@example.com,Security Audit Suite Pro,Software & Cloud,Middle East,1,450.00,0.0,450.00,Completed
ORD-001401,2026-09-24,Evan Hughes,evan.h@example.com,MacBook Pro 16,Electronics,Latin America,4,2499.00,0.0,9996.00,Completed
ORD-001402,2026-04-20,Evan Hughes,evan.h@example.com,Logitech MX Master 3S,Electronics,North America,2,99.00,0.0,198.00,Completed
ORD-001403,2026-09-21,George Clark,george.c@example.com,Team Workspace Cloud Storage (1TB),Software & Cloud,Latin America,1,120.00,0.0,120.00,Completed
ORD-001404,2026-05-11,George Clark,george.c@example.com,Dual Monitor Arm Mount,Furniture,Europe,10,75.00,0.0,750.00,Completed
ORD-001405,2026-06-14,Diana Prince,diana.p@example.com,Logitech MX Master 3S,Electronics,Europe,1,99.00,0.0,99.00,Completed
ORD-001406,2026-09-03,Diana Prince,diana.p@example.com,Dell XPS 15,Electronics,Middle East,3,1899.00,0.0,5697.00,Completed
ORD-001407,2026-04-30,Hannah Abbott,hannah.a@example.com,LED Desk Lamp with Wireless Charger,Furniture,Europe,5,45.00,0.0,225.00,Completed
ORD-001408,2026-08-10,George Clark,george.c@example.com,Under-desk Footrest,Furniture,North America,2,35.00,0.0,70.00,Completed
ORD-001409,2026-08-21,George Clark,george.c@example.com,LED Desk Lamp with Wireless Charger,Furniture,North America,1,45.00,0.0,45.00,Completed
ORD-001410,2026-04-09,Charlie Zhang,charlie.z@example.com,Sony WH-1000XM5 Headphones,Electronics,Asia Pacific,1,399.00,5.0,379.05,Completed
ORD-001411,2026-08-14,Fiona Gallagher,fiona.g@example.com,Logitech MX Master 3S,Electronics,North America,1,99.00,0.0,99.00,Completed
ORD-001412,2026-05-09,Bob Martinez,bob.m@example.com,Premium Hardcover Notebooks (Pack of 3),Office Supplies,Europe,1,24.99,5.0,23.74,Completed
ORD-001413,2026-08-02,Alice Walker,alice.w@example.com,Team Workspace Cloud Storage (1TB),Software & Cloud,Middle East,2,120.00,0.0,240.00,Completed
ORD-001414,2026-05-17,Julia Roberts,julia.r@example.com,Dry Erase Magnetic Whiteboard,Office Supplies,Europe,2,89.00,15.0,151.30,Completed
ORD-001415,2026-04-07,Ian Malcolm,ian.m@example.com,Team Workspace Cloud Storage (1TB),Software & Cloud,Asia Pacific,2,120.00,0.0,240.00,Completed
ORD-001416,2026-06-16,Julia Roberts,julia.r@example.com,Electric Standing Desk 60x30,Furniture,North America,3,580.00,0.0,1740.00,Completed
ORD-001417,2026-05-15,Diana Prince,diana.p@example.com,Gel Pen Set (12-pack),Office Supplies,Latin America,1,14.50,20.0,11.60,Completed
ORD-001418,2026-05-11,Alice Walker,alice.w@example.com,SalesPulse Enterprise Annual License,Software & Cloud,Latin America,1,1200.00,0.0,1200.00,Refunded
ORD-001419,2026-09-24,Evan Hughes,evan.h@example.com,Dual Monitor Arm Mount,Furniture,Middle East,1,75.00,15.0,63.75,Completed
ORD-001420,2026-08-20,Ian Malcolm,ian.m@example.com,Premium Hardcover Notebooks (Pack of 3),Office Supplies,Asia Pacific,3,24.99,0.0,74.97,Completed
ORD-001421,2026-09-14,Diana Prince,diana.p@example.com,Security Audit Suite Pro,Software & Cloud,Europe,2,450.00,0.0,900.00,Completed
ORD-001422,2026-05-19,Fiona Gallagher,fiona.g@example.com,Dual Monitor Arm Mount,Furniture,Asia Pacific,1,75.00,0.0,75.00,Completed
ORD-001423,2026-05-21,Julia Roberts,julia.r@example.com,API Gateway Developer Pass,Software & Cloud,Middle East,10,299.00,5.0,2840.50,Refunded
ORD-001424,2026-04-29,George Clark,george.c@example.com,Gel Pen Set (12-pack),Office Supplies,Latin America,2,14.50,5.0,27.55,Completed
ORD-001425,2026-09-04,Alice Walker,alice.w@example.com,SalesPulse Enterprise Annual License,Software & Cloud,Middle East,1,1200.00,0.0,1200.00,Completed
ORD-001426,2026-04-08,Bob Martinez,bob.m@example.com,LED Desk Lamp with Wireless Charger,Furniture,North America,2,45.00,0.0,90.00,Completed
ORD-001427,2026-04-16,Julia Roberts,julia.r@example.com,LED Desk Lamp with Wireless Charger,Furniture,Middle East,1,45.00,0.0,45.00,Completed
ORD-001428,2026-06-13,Alice Walker,alice.w@example.com,SalesPulse Enterprise Annual License,Software & Cloud,North America,1,1200.00,0.0,1200.00,Completed
ORD-001429,2026-07-11,Hannah Abbott,hannah.a@example.com,Gel Pen Set (12-pack),Office Supplies,Middle East,3,14.50,0.0,43.50,Refunded
ORD-001430,2026-07-27,Evan Hughes,evan.h@example.com,Security Audit Suite Pro,Software & Cloud,Europe,1,450.00,0.0,450.00,Completed
ORD-001431,2026-09-13,Diana Prince,diana.p@example.com,Sony WH-1000XM5 Headphones,Electronics,Latin America,1,399.00,0.0,399.00,Pending
ORD-001432,2026-07-15,Fiona Gallagher,fiona.g@example.com,Premium Hardcover Notebooks (Pack of 3),Office Supplies,Middle East,2,24.99,0.0,49.98,Completed
ORD-001433,2026-05-04,Bob Martinez,bob.m@example.com,Security Audit Suite Pro,Software & Cloud,Europe,1,450.00,0.0,450.00,Completed
ORD-001434,2026-09-13,Alice Walker,alice.w@example.com,Team Workspace Cloud Storage (1TB),Software & Cloud,Asia Pacific,1,120.00,0.0,120.00,Completed
ORD-001435,2026-04-01,Julia Roberts,julia.r@example.com,MacBook Pro 16,Electronics,Asia Pacific,3,2499.00,0.0,7497.00,Pending
ORD-001436,2026-06-18,Charlie Zhang,charlie.z@example.com,Security Audit Suite Pro,Software & Cloud,Asia Pacific,1,450.00,0.0,450.00,Refunded
ORD-001437,2026-08-25,Hannah Abbott,hannah.a@example.com,Heavy-Duty Desktop Stapler,Office Supplies,North America,1,18.00,0.0,18.00,Completed
ORD-001438,2026-05-24,George Clark,george.c@example.com,Samsung 4K 32-inch Monitor,Electronics,Middle East,1,499.00,20.0,399.20,Pending
ORD-001439,2026-07-01,Diana Prince,diana.p@example.com,Dry Erase Magnetic Whiteboard,Office Supplies,Middle East,2,89.00,20.0,142.40,Pending
ORD-001440,2026-04-27,Bob Martinez,bob.m@example.com,SalesPulse Enterprise Annual License,Software & Cloud,Asia Pacific,2,1200.00,0.0,2400.00,Completed
ORD-001441,2026-09-07,Julia Roberts,julia.r@example.com,Heavy-Duty Desktop Stapler,Office Supplies,Middle East,2,18.00,0.0,36.00,Refunded
ORD-001442,2026-04-03,Julia Roberts,julia.r@example.com,API Gateway Developer Pass,Software & Cloud,Middle East,5,299.00,0.0,1495.00,Completed
ORD-001443,2026-05-19,Bob Martinez,bob.m@example.com,Heavy-Duty Desktop Stapler,Office Supplies,Middle East,1,18.00,5.0,17.10,Pending
ORD-001444,2026-04-06,Julia Roberts,julia.r@example.com,Dell XPS 15,Electronics,Middle East,1,1899.00,0.0,1899.00,Refunded
ORD-001445,2026-04-12,Evan Hughes,evan.h@example.com,Ergonomic Mesh Chair,Furniture,Middle East,2,350.00,0.0,700.00,Completed
ORD-001446,2026-09-05,Ian Malcolm,ian.m@example.com,Dell XPS 15,Electronics,Europe,1,1899.00,10.0,1709.10,Completed
ORD-001447,2026-08-31,Charlie Zhang,charlie.z@example.com,SalesPulse Enterprise Annual License,Software & Cloud,Latin America,2,1200.00,20.0,1920.00,Refunded
ORD-001448,2026-07-05,Hannah Abbott,hannah.a@example.com,Premium Hardcover Notebooks (Pack of 3),Office Supplies,Europe,1,24.99,15.0,21.24,Pending
ORD-001449,2026-04-08,George Clark,george.c@example.com,MacBook Pro 16,Electronics,Middle East,1,2499.00,0.0,2499.00,Completed
ORD-001450,2026-05-07,Fiona Gallagher,fiona.g@example.com,Electric Standing Desk 60x30,Furniture,Asia Pacific,3,580.00,0.0,1740.00,Completed
ORD-001451,2026-07-19,Alice Walker,alice.w@example.com,API Gateway Developer Pass,Software & Cloud,Europe,10,299.00,0.0,2990.00,Completed
ORD-001452,2026-08-08,Julia Roberts,julia.r@example.com,SalesPulse Enterprise Annual License,Software & Cloud,Asia Pacific,1,1200.00,15.0,1020.00,Completed
ORD-001453,2026-09-19,Bob Martinez,bob.m@example.com,Heavy-Duty Desktop Stapler,Office Supplies,Asia Pacific,1,18.00,0.0,18.00,Pending
ORD-001454,2026-07-29,Diana Prince,diana.p@example.com,Heavy-Duty Desktop Stapler,Office Supplies,North America,1,18.00,0.0,18.00,Refunded
ORD-001455,2026-09-11,Charlie Zhang,charlie.z@example.com,LED Desk Lamp with Wireless Charger,Furniture,Asia Pacific,1,45.00,0.0,45.00,Pending
ORD-001456,2026-09-10,Hannah Abbott,hannah.a@example.com,MacBook Pro 16,Electronics,Latin America,5,2499.00,0.0,12495.00,Completed
ORD-001457,2026-06-14,Evan Hughes,evan.h@example.com,SalesPulse Enterprise Annual License,Software & Cloud,Middle East,2,1200.00,0.0,2400.00,Refunded
ORD-001458,2026-07-01,Fiona Gallagher,fiona.g@example.com,SalesPulse Enterprise Annual License,Software & Cloud,North America,4,1200.00,0.0,4800.00,Completed
ORD-001459,2026-06-23,Ian Malcolm,ian.m@example.com,SalesPulse Enterprise Annual License,Software & Cloud,Europe,4,1200.00,0.0,4800.00,Completed
ORD-001460,2026-09-22,Fiona Gallagher,fiona.g@example.com,Team Workspace Cloud Storage (1TB),Software & Cloud,Middle East,1,120.00,15.0,102.00,Completed
ORD-001461,2026-07-09,Diana Prince,diana.p@example.com,Dual Monitor Arm Mount,Furniture,Middle East,2,75.00,5.0,142.50,Completed
ORD-001462,2026-04-02,Julia Roberts,julia.r@example.com,Under-desk Footrest,Furniture,Latin America,1,35.00,15.0,29.75,Refunded
ORD-001463,2026-03-29,Charlie Zhang,charlie.z@example.com,Under-desk Footrest,Furniture,North America,1,35.00,5.0,33.25,Completed
ORD-001464,2026-08-13,Hannah Abbott,hannah.a@example.com,Dry Erase Magnetic Whiteboard,Office Supplies,Asia Pacific,1,89.00,5.0,84.55,Pending
ORD-001465,2026-04-29,George Clark,george.c@example.com,Gel Pen Set (12-pack),Office Supplies,Middle East,2,14.50,10.0,26.10,Completed
ORD-001466,2026-04-30,Hannah Abbott,hannah.a@example.com,Dual Monitor Arm Mount,Furniture,Europe,5,75.00,0.0,375.00,Completed
ORD-001467,2026-06-20,Bob Martinez,bob.m@example.com,Apple iPad Air M2,Electronics,Asia Pacific,3,599.00,0.0,1797.00,Completed
ORD-001468,2026-04-08,Ian Malcolm,ian.m@example.com,Under-desk Footrest,Furniture,Europe,2,35.00,10.0,63.00,Pending
ORD-001469,2026-05-04,Bob Martinez,bob.m@example.com,Logitech MX Master 3S,Electronics,Europe,2,99.00,0.0,198.00,Completed
ORD-001470,2026-04-09,Ian Malcolm,ian.m@example.com,API Gateway Developer Pass,Software & Cloud,Latin America,1,299.00,5.0,284.05,Pending
ORD-001471,2026-05-23,Fiona Gallagher,fiona.g@example.com,Dry Erase Magnetic Whiteboard,Office Supplies,Asia Pacific,3,89.00,0.0,267.00,Completed
ORD-001472,2026-09-03,Julia Roberts,julia.r@example.com,Team Workspace Cloud Storage (1TB),Software & Cloud,Asia Pacific,1,120.00,10.0,108.00,Pending
ORD-001473,2026-07-03,Julia Roberts,julia.r@example.com,Samsung 4K 32-inch Monitor,Electronics,North America,1,499.00,15.0,424.15,Completed
ORD-001474,2026-07-31,Bob Martinez,bob.m@example.com,Ergonomic Mesh Chair,Furniture,Asia Pacific,5,350.00,0.0,1750.00,Completed
ORD-001475,2026-09-23,Evan Hughes,evan.h@example.com,Dell XPS 15,Electronics,Middle East,4,1899.00,15.0,6456.60,Completed
ORD-001476,2026-08-16,Alice Walker,alice.w@example.com,Logitech MX Master 3S,Electronics,North America,2,99.00,10.0,178.20,Completed
ORD-001477,2026-08-14,Diana Prince,diana.p@example.com,LED Desk Lamp with Wireless Charger,Furniture,Latin America,1,45.00,0.0,45.00,Completed
ORD-001478,2026-06-03,Julia Roberts,julia.r@example.com,Dry Erase Magnetic Whiteboard,Office Supplies,North America,5,89.00,15.0,378.25,Completed
ORD-001479,2026-07-08,Diana Prince,diana.p@example.com,Logitech MX Master 3S,Electronics,Asia Pacific,3,99.00,10.0,267.30,Completed
ORD-001480,2026-08-16,Fiona Gallagher,fiona.g@example.com,Dry Erase Magnetic Whiteboard,Office Supplies,Asia Pacific,2,89.00,0.0,178.00,Refunded
ORD-001481,2026-06-29,George Clark,george.c@example.com,SalesPulse Enterprise Annual License,Software & Cloud,North America,2,1200.00,0.0,2400.00,Completed
ORD-001482,2026-08-07,Alice Walker,alice.w@example.com,Sony WH-1000XM5 Headphones,Electronics,Latin America,3,399.00,0.0,1197.00,Completed
ORD-001483,2026-04-16,Evan Hughes,evan.h@example.com,Heavy-Duty Desktop Stapler,Office Supplies,Asia Pacific,1,18.00,0.0,18.00,Completed
ORD-001484,2026-06-16,George Clark,george.c@example.com,LED Desk Lamp with Wireless Charger,Furniture,Europe,3,45.00,0.0,135.00,Pending
ORD-001485,2026-09-15,Fiona Gallagher,fiona.g@example.com,Team Workspace Cloud Storage (1TB),Software & Cloud,Middle East,2,120.00,0.0,240.00,Completed
ORD-001486,2026-05-16,Evan Hughes,evan.h@example.com,Gel Pen Set (12-pack),Office Supplies,Europe,1,14.50,15.0,12.32,Pending
ORD-001487,2026-09-04,Fiona Gallagher,fiona.g@example.com,Gel Pen Set (12-pack),Office Supplies,Asia Pacific,1,14.50,15.0,12.32,Completed
ORD-001488,2026-04-17,Hannah Abbott,hannah.a@example.com,Team Workspace Cloud Storage (1TB),Software & Cloud,North America,3,120.00,20.0,288.00,Refunded
ORD-001489,2026-07-31,George Clark,george.c@example.com,Dell XPS 15,Electronics,Middle East,1,1899.00,0.0,1899.00,Completed
ORD-001490,2026-03-28,Ian Malcolm,ian.m@example.com,Apple iPad Air M2,Electronics,Europe,2,599.00,10.0,1078.20,Completed
ORD-001491,2026-06-28,Ian Malcolm,ian.m@example.com,Logitech MX Master 3S,Electronics,Europe,1,99.00,5.0,94.05,Pending
ORD-001492,2026-08-03,Bob Martinez,bob.m@example.com,SalesPulse Enterprise Annual License,Software & Cloud,Middle East,2,1200.00,5.0,2280.00,Completed
ORD-001493,2026-08-02,Charlie Zhang,charlie.z@example.com,LED Desk Lamp with Wireless Charger,Furniture,North America,2,45.00,20.0,72.00,Pending
ORD-001494,2026-07-30,George Clark,george.c@example.com,Apple iPad Air M2,Electronics,North America,1,599.00,5.0,569.05,Completed
ORD-001495,2026-08-20,Diana Prince,diana.p@example.com,Heavy-Duty Desktop Stapler,Office Supplies,Middle East,1,18.00,0.0,18.00,Completed
ORD-001496,2026-08-12,Hannah Abbott,hannah.a@example.com,Cable Management Kit,Office Supplies,Asia Pacific,1,19.99,15.0,16.99,Completed
ORD-001497,2026-08-22,Hannah Abbott,hannah.a@example.com,Sony WH-1000XM5 Headphones,Electronics,North America,1,399.00,5.0,379.05,Pending
ORD-001498,2026-07-23,Fiona Gallagher,fiona.g@example.com,Team Workspace Cloud Storage (1TB),Software & Cloud,Middle East,3,120.00,0.0,360.00,Completed
ORD-001499,2026-07-17,Ian Malcolm,ian.m@example.com,Apple iPad Air M2,Electronics,North America,1,599.00,0.0,599.00,Completed
ORD-001500,2026-07-17,Fiona Gallagher,fiona.g@example.com,Electric Standing Desk 60x30,Furniture,Latin America,3,580.00,0.0,1740.00,Pending
ORD-001501,2026-09-06,George Clark,george.c@example.com,Sony WH-1000XM5 Headphones,Electronics,Latin America,4,399.00,0.0,1596.00,Refunded
ORD-001502,2026-06-03,Hannah Abbott,hannah.a@example.com,Sony WH-1000XM5 Headphones,Electronics,Asia Pacific,1,399.00,10.0,359.10,Completed
ORD-001503,2026-06-12,Alice Walker,alice.w@example.com,Dell XPS 15,Electronics,Asia Pacific,5,1899.00,0.0,9495.00,Pending
ORD-001504,2026-05-12,Alice Walker,alice.w@example.com,Apple iPad Air M2,Electronics,North America,1,599.00,20.0,479.20,Completed
ORD-001505,2026-09-13,Bob Martinez,bob.m@example.com,Electric Standing Desk 60x30,Furniture,Middle East,3,580.00,5.0,1653.00,Completed
ORD-001506,2026-09-23,Alice Walker,alice.w@example.com,Gel Pen Set (12-pack),Office Supplies,Middle East,2,14.50,15.0,24.65,Pending
ORD-001507,2026-07-06,Ian Malcolm,ian.m@example.com,MacBook Pro 16,Electronics,Middle East,1,2499.00,0.0,2499.00,Completed
ORD-001508,2026-07-05,George Clark,george.c@example.com,Dry Erase Magnetic Whiteboard,Office Supplies,Europe,3,89.00,0.0,267.00,Completed
ORD-001509,2026-06-14,Fiona Gallagher,fiona.g@example.com,Security Audit Suite Pro,Software & Cloud,Latin America,1,450.00,0.0,450.00,Completed
ORD-001510,2026-05-23,Ian Malcolm,ian.m@example.com,Apple iPad Air M2,Electronics,Latin America,3,599.00,0.0,1797.00,Completed
ORD-001511,2026-09-20,Alice Walker,alice.w@example.com,Samsung 4K 32-inch Monitor,Electronics,North America,1,499.00,0.0,499.00,Refunded
ORD-001512,2026-05-10,Charlie Zhang,charlie.z@example.com,MacBook Pro 16,Electronics,Asia Pacific,1,2499.00,15.0,2124.15,Completed
ORD-001513,2026-05-22,Bob Martinez,bob.m@example.com,Under-desk Footrest,Furniture,Latin America,1,35.00,0.0,35.00,Completed
ORD-001514,2026-09-10,Alice Walker,alice.w@example.com,Team Workspace Cloud Storage (1TB),Software & Cloud,Asia Pacific,3,120.00,5.0,342.00,Refunded
ORD-001515,2026-04-21,Fiona Gallagher,fiona.g@example.com,Sony WH-1000XM5 Headphones,Electronics,North America,3,399.00,0.0,1197.00,Refunded
ORD-001516,2026-08-30,Ian Malcolm,ian.m@example.com,Premium Hardcover Notebooks (Pack of 3),Office Supplies,Middle East,1,24.99,15.0,21.24,Pending
ORD-001517,2026-04-30,Charlie Zhang,charlie.z@example.com,Premium Hardcover Notebooks (Pack of 3),Office Supplies,Latin America,10,24.99,0.0,249.90,Completed
ORD-001518,2026-07-13,Julia Roberts,julia.r@example.com,Apple iPad Air M2,Electronics,Latin America,1,599.00,0.0,599.00,Completed
ORD-001519,2026-05-20,Alice Walker,alice.w@example.com,Logitech MX Master 3S,Electronics,Latin America,4,99.00,5.0,376.20,Completed
ORD-001520,2026-08-07,Hannah Abbott,hannah.a@example.com,Heavy-Duty Desktop Stapler,Office Supplies,Asia Pacific,1,18.00,0.0,18.00,Completed
ORD-001521,2026-07-13,Diana Prince,diana.p@example.com,Dell XPS 15,Electronics,North America,1,1899.00,0.0,1899.00,Completed
ORD-001522,2026-07-10,Evan Hughes,evan.h@example.com,Logitech MX Master 3S,Electronics,Latin America,4,99.00,0.0,396.00,Completed
ORD-001523,2026-04-02,Ian Malcolm,ian.m@example.com,API Gateway Developer Pass,Software & Cloud,North America,3,299.00,0.0,897.00,Completed
ORD-001524,2026-08-21,Evan Hughes,evan.h@example.com,Dual Monitor Arm Mount,Furniture,Asia Pacific,2,75.00,0.0,150.00,Refunded
ORD-001525,2026-06-20,Fiona Gallagher,fiona.g@example.com,SalesPulse Enterprise Annual License,Software & Cloud,Middle East,2,1200.00,0.0,2400.00,Completed
ORD-001526,2026-05-27,Alice Walker,alice.w@example.com,MacBook Pro 16,Electronics,Middle East,1,2499.00,0.0,2499.00,Completed
ORD-001527,2026-08-14,Ian Malcolm,ian.m@example.com,SalesPulse Enterprise Annual License,Software & Cloud,Asia Pacific,2,1200.00,5.0,2280.00,Completed
ORD-001528,2026-04-23,Julia Roberts,julia.r@example.com,Heavy-Duty Desktop Stapler,Office Supplies,North America,1,18.00,0.0,18.00,Completed
ORD-001529,2026-05-16,Evan Hughes,evan.h@example.com,Heavy-Duty Desktop Stapler,Office Supplies,Europe,1,18.00,5.0,17.10,Completed
ORD-001530,2026-04-01,Alice Walker,alice.w@example.com,Under-desk Footrest,Furniture,Middle East,1,35.00,5.0,33.25,Refunded
ORD-001531,2026-06-26,Hannah Abbott,hannah.a@example.com,API Gateway Developer Pass,Software & Cloud,Europe,4,299.00,5.0,1136.20,Completed
ORD-001532,2026-07-31,Charlie Zhang,charlie.z@example.com,Logitech MX Master 3S,Electronics,Asia Pacific,2,99.00,0.0,198.00,Completed
ORD-001533,2026-08-07,Evan Hughes,evan.h@example.com,Premium Hardcover Notebooks (Pack of 3),Office Supplies,North America,1,24.99,0.0,24.99,Completed
ORD-001534,2026-06-01,Hannah Abbott,hannah.a@example.com,Cable Management Kit,Office Supplies,North America,5,19.99,0.0,99.95,Completed
ORD-001535,2026-09-04,Julia Roberts,julia.r@example.com,LED Desk Lamp with Wireless Charger,Furniture,Latin America,2,45.00,20.0,72.00,Completed
ORD-001536,2026-08-06,Alice Walker,alice.w@example.com,Team Workspace Cloud Storage (1TB),Software & Cloud,Latin America,1,120.00,0.0,120.00,Completed
ORD-001537,2026-04-15,Ian Malcolm,ian.m@example.com,Gel Pen Set (12-pack),Office Supplies,Latin America,1,14.50,10.0,13.05,Pending
ORD-001538,2026-08-27,Evan Hughes,evan.h@example.com,Under-desk Footrest,Furniture,Asia Pacific,2,35.00,20.0,56.00,Completed
ORD-001539,2026-07-18,Bob Martinez,bob.m@example.com,Security Audit Suite Pro,Software & Cloud,Latin America,1,450.00,5.0,427.50,Completed
ORD-001540,2026-05-22,Ian Malcolm,ian.m@example.com,Gel Pen Set (12-pack),Office Supplies,North America,1,14.50,15.0,12.32,Completed
ORD-001541,2026-07-02,Diana Prince,diana.p@example.com,Logitech MX Master 3S,Electronics,North America,5,99.00,0.0,495.00,Completed
ORD-001542,2026-08-26,Julia Roberts,julia.r@example.com,API Gateway Developer Pass,Software & Cloud,Middle East,2,299.00,0.0,598.00,Completed
ORD-001543,2026-07-31,Evan Hughes,evan.h@example.com,Heavy-Duty Desktop Stapler,Office Supplies,North America,1,18.00,0.0,18.00,Completed
ORD-001544,2026-08-27,Alice Walker,alice.w@example.com,Heavy-Duty Desktop Stapler,Office Supplies,Europe,10,18.00,10.0,162.00,Completed
ORD-001545,2026-04-25,Ian Malcolm,ian.m@example.com,Team Workspace Cloud Storage (1TB),Software & Cloud,Asia Pacific,2,120.00,0.0,240.00,Pending
ORD-001546,2026-08-04,Bob Martinez,bob.m@example.com,SalesPulse Enterprise Annual License,Software & Cloud,Asia Pacific,2,1200.00,0.0,2400.00,Completed
ORD-001547,2026-08-15,Alice Walker,alice.w@example.com,Sony WH-1000XM5 Headphones,Electronics,Latin America,2,399.00,0.0,798.00,Refunded
ORD-001548,2026-08-20,George Clark,george.c@example.com,API Gateway Developer Pass,Software & Cloud,Middle East,1,299.00,10.0,269.10,Pending
ORD-001549,2026-06-03,Bob Martinez,bob.m@example.com,Electric Standing Desk 60x30,Furniture,Asia Pacific,1,580.00,5.0,551.00,Completed
ORD-001550,2026-09-21,George Clark,george.c@example.com,MacBook Pro 16,Electronics,North America,1,2499.00,0.0,2499.00,Completed
ORD-001551,2026-09-23,Charlie Zhang,charlie.z@example.com,Samsung 4K 32-inch Monitor,Electronics,North America,4,499.00,5.0,1896.20,Completed
ORD-001552,2026-05-10,Diana Prince,diana.p@example.com,Heavy-Duty Desktop Stapler,Office Supplies,Middle East,1,18.00,5.0,17.10,Pending
ORD-001553,2026-08-14,Fiona Gallagher,fiona.g@example.com,MacBook Pro 16,Electronics,Middle East,2,2499.00,0.0,4998.00,Completed
ORD-001554,2026-09-21,Alice Walker,alice.w@example.com,LED Desk Lamp with Wireless Charger,Furniture,Europe,1,45.00,0.0,45.00,Completed
ORD-001555,2026-04-06,Fiona Gallagher,fiona.g@example.com,Apple iPad Air M2,Electronics,Asia Pacific,2,599.00,10.0,1078.20,Pending
ORD-001556,2026-06-17,Julia Roberts,julia.r@example.com,Cable Management Kit,Office Supplies,Asia Pacific,4,19.99,5.0,75.96,Completed
ORD-001557,2026-06-06,Charlie Zhang,charlie.z@example.com,Security Audit Suite Pro,Software & Cloud,North America,1,450.00,0.0,450.00,Completed
ORD-001558,2026-04-17,Fiona Gallagher,fiona.g@example.com,Security Audit Suite Pro,Software & Cloud,Europe,3,450.00,0.0,1350.00,Completed
ORD-001559,2026-05-25,Evan Hughes,evan.h@example.com,Under-desk Footrest,Furniture,Middle East,2,35.00,20.0,56.00,Completed
ORD-001560,2026-04-02,Fiona Gallagher,fiona.g@example.com,Cable Management Kit,Office Supplies,Europe,2,19.99,0.0,39.98,Completed
ORD-001561,2026-07-05,Evan Hughes,evan.h@example.com,SalesPulse Enterprise Annual License,Software & Cloud,North America,10,1200.00,5.0,11400.00,Completed
ORD-001562,2026-06-22,Hannah Abbott,hannah.a@example.com,Dry Erase Magnetic Whiteboard,Office Supplies,North America,1,89.00,5.0,84.55,Refunded
ORD-001563,2026-08-07,Fiona Gallagher,fiona.g@example.com,Samsung 4K 32-inch Monitor,Electronics,Latin America,4,499.00,0.0,1996.00,Completed
ORD-001564,2026-04-19,Bob Martinez,bob.m@example.com,Gel Pen Set (12-pack),Office Supplies,North America,3,14.50,0.0,43.50,Completed
ORD-001565,2026-04-03,Charlie Zhang,charlie.z@example.com,Samsung 4K 32-inch Monitor,Electronics,Asia Pacific,1,499.00,0.0,499.00,Completed
ORD-001566,2026-09-12,Evan Hughes,evan.h@example.com,Sony WH-1000XM5 Headphones,Electronics,North America,3,399.00,20.0,957.60,Completed
ORD-001567,2026-08-08,Diana Prince,diana.p@example.com,Under-desk Footrest,Furniture,Latin America,4,35.00,0.0,140.00,Completed
ORD-001568,2026-08-02,Hannah Abbott,hannah.a@example.com,Samsung 4K 32-inch Monitor,Electronics,North America,10,499.00,0.0,4990.00,Completed
ORD-001569,2026-04-09,Evan Hughes,evan.h@example.com,Team Workspace Cloud Storage (1TB),Software & Cloud,Latin America,2,120.00,0.0,240.00,Completed
ORD-001570,2026-08-06,Evan Hughes,evan.h@example.com,API Gateway Developer Pass,Software & Cloud,North America,3,299.00,0.0,897.00,Refunded
ORD-001571,2026-09-06,Fiona Gallagher,fiona.g@example.com,LED Desk Lamp with Wireless Charger,Furniture,Europe,2,45.00,0.0,90.00,Completed
ORD-001572,2026-09-02,Hannah Abbott,hannah.a@example.com,SalesPulse Enterprise Annual License,Software & Cloud,Europe,2,1200.00,5.0,2280.00,Completed
ORD-001573,2026-04-18,Bob Martinez,bob.m@example.com,Heavy-Duty Desktop Stapler,Office Supplies,North America,3,18.00,10.0,48.60,Refunded
ORD-001574,2026-04-16,Julia Roberts,julia.r@example.com,Ergonomic Mesh Chair,Furniture,Europe,2,350.00,5.0,665.00,Refunded
ORD-001575,2026-04-02,Fiona Gallagher,fiona.g@example.com,Cable Management Kit,Office Supplies,Asia Pacific,1,19.99,0.0,19.99,Completed
ORD-001576,2026-07-19,Julia Roberts,julia.r@example.com,Electric Standing Desk 60x30,Furniture,North America,1,580.00,10.0,522.00,Pending
ORD-001577,2026-04-06,Alice Walker,alice.w@example.com,Electric Standing Desk 60x30,Furniture,Middle East,4,580.00,0.0,2320.00,Completed
ORD-001578,2026-06-13,George Clark,george.c@example.com,MacBook Pro 16,Electronics,North America,1,2499.00,0.0,2499.00,Completed
ORD-001579,2026-07-29,Fiona Gallagher,fiona.g@example.com,Heavy-Duty Desktop Stapler,Office Supplies,Middle East,1,18.00,0.0,18.00,Completed
ORD-001580,2026-08-31,Diana Prince,diana.p@example.com,Heavy-Duty Desktop Stapler,Office Supplies,Europe,1,18.00,5.0,17.10,Completed
ORD-001581,2026-04-28,Fiona Gallagher,fiona.g@example.com,Gel Pen Set (12-pack),Office Supplies,North America,1,14.50,0.0,14.50,Refunded
ORD-001582,2026-08-19,Ian Malcolm,ian.m@example.com,API Gateway Developer Pass,Software & Cloud,Asia Pacific,4,299.00,10.0,1076.40,Completed
ORD-001583,2026-08-30,George Clark,george.c@example.com,Heavy-Duty Desktop Stapler,Office Supplies,Asia Pacific,5,18.00,10.0,81.00,Pending
ORD-001584,2026-05-20,Diana Prince,diana.p@example.com,Dell XPS 15,Electronics,Europe,1,1899.00,0.0,1899.00,Completed
ORD-001585,2026-07-22,Ian Malcolm,ian.m@example.com,Heavy-Duty Desktop Stapler,Office Supplies,Middle East,1,18.00,0.0,18.00,Refunded
ORD-001586,2026-08-05,Fiona Gallagher,fiona.g@example.com,API Gateway Developer Pass,Software & Cloud,North America,2,299.00,0.0,598.00,Completed
ORD-001587,2026-07-23,Alice Walker,alice.w@example.com,Premium Hardcover Notebooks (Pack of 3),Office Supplies,Asia Pacific,2,24.99,0.0,49.98,Pending
ORD-001588,2026-05-16,Alice Walker,alice.w@example.com,Dual Monitor Arm Mount,Furniture,Middle East,1,75.00,0.0,75.00,Completed
ORD-001589,2026-05-09,Ian Malcolm,ian.m@example.com,Electric Standing Desk 60x30,Furniture,Latin America,2,580.00,0.0,1160.00,Completed
ORD-001590,2026-06-29,George Clark,george.c@example.com,SalesPulse Enterprise Annual License,Software & Cloud,Latin America,1,1200.00,5.0,1140.00,Refunded
ORD-001591,2026-03-29,Evan Hughes,evan.h@example.com,Logitech MX Master 3S,Electronics,Middle East,1,99.00,0.0,99.00,Completed
ORD-001592,2026-04-10,Hannah Abbott,hannah.a@example.com,Apple iPad Air M2,Electronics,Europe,2,599.00,5.0,1138.10,Pending
ORD-001593,2026-08-05,Evan Hughes,evan.h@example.com,Dual Monitor Arm Mount,Furniture,Asia Pacific,1,75.00,5.0,71.25,Completed
ORD-001594,2026-06-22,Julia Roberts,julia.r@example.com,Ergonomic Mesh Chair,Furniture,North America,1,350.00,20.0,280.00,Completed
ORD-001595,2026-09-07,Bob Martinez,bob.m@example.com,Dry Erase Magnetic Whiteboard,Office Supplies,Middle East,1,89.00,10.0,80.10,Completed
ORD-001596,2026-06-22,Evan Hughes,evan.h@example.com,Samsung 4K 32-inch Monitor,Electronics,Europe,2,499.00,15.0,848.30,Completed
ORD-001597,2026-04-18,Julia Roberts,julia.r@example.com,Security Audit Suite Pro,Software & Cloud,Asia Pacific,1,450.00,0.0,450.00,Completed
ORD-001598,2026-03-30,Charlie Zhang,charlie.z@example.com,Heavy-Duty Desktop Stapler,Office Supplies,Middle East,1,18.00,0.0,18.00,Completed
ORD-001599,2026-07-07,Diana Prince,diana.p@example.com,Cable Management Kit,Office Supplies,Asia Pacific,1,19.99,10.0,17.99,Completed
ORD-001600,2026-08-13,Charlie Zhang,charlie.z@example.com,LED Desk Lamp with Wireless Charger,Furniture,Latin America,1,45.00,10.0,40.50,Completed
ORD-001601,2026-05-14,Bob Martinez,bob.m@example.com,Premium Hardcover Notebooks (Pack of 3),Office Supplies,Europe,4,24.99,10.0,89.96,Completed
ORD-001602,2026-07-05,Hannah Abbott,hannah.a@example.com,Dual Monitor Arm Mount,Furniture,Europe,4,75.00,0.0,300.00,Refunded
ORD-001603,2026-09-12,Hannah Abbott,hannah.a@example.com,Gel Pen Set (12-pack),Office Supplies,Middle East,5,14.50,0.0,72.50,Completed
ORD-001604,2026-08-09,Alice Walker,alice.w@example.com,Dual Monitor Arm Mount,Furniture,Europe,1,75.00,0.0,75.00,Refunded
ORD-001605,2026-05-20,Fiona Gallagher,fiona.g@example.com,SalesPulse Enterprise Annual License,Software & Cloud,Middle East,1,1200.00,0.0,1200.00,Completed
ORD-001606,2026-04-15,Diana Prince,diana.p@example.com,Dry Erase Magnetic Whiteboard,Office Supplies,Latin America,5,89.00,0.0,445.00,Pending
ORD-001607,2026-08-24,Charlie Zhang,charlie.z@example.com,Apple iPad Air M2,Electronics,Middle East,3,599.00,15.0,1527.45,Completed
ORD-001608,2026-04-17,Julia Roberts,julia.r@example.com,Electric Standing Desk 60x30,Furniture,Middle East,1,580.00,0.0,580.00,Refunded
ORD-001609,2026-06-17,Fiona Gallagher,fiona.g@example.com,Apple iPad Air M2,Electronics,Europe,1,599.00,10.0,539.10,Completed
ORD-001610,2026-07-20,George Clark,george.c@example.com,Dual Monitor Arm Mount,Furniture,Middle East,2,75.00,0.0,150.00,Refunded
ORD-001611,2026-08-21,Ian Malcolm,ian.m@example.com,SalesPulse Enterprise Annual License,Software & Cloud,Middle East,2,1200.00,0.0,2400.00,Pending
ORD-001612,2026-06-29,Charlie Zhang,charlie.z@example.com,Premium Hardcover Notebooks (Pack of 3),Office Supplies,Latin America,3,24.99,0.0,74.97,Completed
ORD-001613,2026-07-03,Fiona Gallagher,fiona.g@example.com,Samsung 4K 32-inch Monitor,Electronics,Europe,2,499.00,10.0,898.20,Completed
ORD-001614,2026-08-25,Bob Martinez,bob.m@example.com,LED Desk Lamp with Wireless Charger,Furniture,North America,2,45.00,10.0,81.00,Completed
ORD-001615,2026-04-30,Diana Prince,diana.p@example.com,MacBook Pro 16,Electronics,Middle East,3,2499.00,0.0,7497.00,Pending
ORD-001616,2026-06-12,Alice Walker,alice.w@example.com,LED Desk Lamp with Wireless Charger,Furniture,North America,1,45.00,0.0,45.00,Refunded
ORD-001617,2026-05-30,Hannah Abbott,hannah.a@example.com,Apple iPad Air M2,Electronics,Latin America,2,599.00,0.0,1198.00,Completed
ORD-001618,2026-06-09,Evan Hughes,evan.h@example.com,Security Audit Suite Pro,Software & Cloud,Europe,2,450.00,0.0,900.00,Refunded
ORD-001619,2026-05-29,George Clark,george.c@example.com,Security Audit Suite Pro,Software & Cloud,North America,1,450.00,0.0,450.00,Refunded
ORD-001620,2026-09-11,Charlie Zhang,charlie.z@example.com,Heavy-Duty Desktop Stapler,Office Supplies,Middle East,1,18.00,5.0,17.10,Completed
ORD-001621,2026-04-21,Charlie Zhang,charlie.z@example.com,Team Workspace Cloud Storage (1TB),Software & Cloud,Latin America,3,120.00,0.0,360.00,Completed
ORD-001622,2026-09-01,Julia Roberts,julia.r@example.com,Samsung 4K 32-inch Monitor,Electronics,Latin America,1,499.00,10.0,449.10,Completed
ORD-001623,2026-07-09,Bob Martinez,bob.m@example.com,Sony WH-1000XM5 Headphones,Electronics,Asia Pacific,1,399.00,20.0,319.20,Pending
ORD-001624,2026-08-27,Hannah Abbott,hannah.a@example.com,LED Desk Lamp with Wireless Charger,Furniture,North America,1,45.00,0.0,45.00,Completed
ORD-001625,2026-08-29,Diana Prince,diana.p@example.com,Security Audit Suite Pro,Software & Cloud,Europe,2,450.00,0.0,900.00,Refunded
ORD-001626,2026-05-28,Fiona Gallagher,fiona.g@example.com,Sony WH-1000XM5 Headphones,Electronics,Europe,2,399.00,10.0,718.20,Refunded
ORD-001627,2026-05-18,Julia Roberts,julia.r@example.com,Sony WH-1000XM5 Headphones,Electronics,Middle East,1,399.00,5.0,379.05,Completed
ORD-001628,2026-07-31,Diana Prince,diana.p@example.com,Under-desk Footrest,Furniture,Asia Pacific,1,35.00,0.0,35.00,Refunded
ORD-001629,2026-05-04,Evan Hughes,evan.h@example.com,MacBook Pro 16,Electronics,Asia Pacific,1,2499.00,0.0,2499.00,Completed
ORD-001630,2026-04-04,Bob Martinez,bob.m@example.com,Gel Pen Set (12-pack),Office Supplies,Europe,1,14.50,0.0,14.50,Completed
ORD-001631,2026-04-18,Hannah Abbott,hannah.a@example.com,Apple iPad Air M2,Electronics,Latin America,4,599.00,0.0,2396.00,Completed
ORD-001632,2026-04-26,Diana Prince,diana.p@example.com,Team Workspace Cloud Storage (1TB),Software & Cloud,Middle East,1,120.00,0.0,120.00,Refunded
ORD-001633,2026-09-22,Ian Malcolm,ian.m@example.com,Electric Standing Desk 60x30,Furniture,Europe,1,580.00,5.0,551.00,Completed
ORD-001634,2026-09-11,Julia Roberts,julia.r@example.com,Apple iPad Air M2,Electronics,Middle East,1,599.00,0.0,599.00,Completed
ORD-001635,2026-07-15,George Clark,george.c@example.com,Sony WH-1000XM5 Headphones,Electronics,Europe,1,399.00,20.0,319.20,Completed
ORD-001636,2026-08-14,Hannah Abbott,hannah.a@example.com,SalesPulse Enterprise Annual License,Software & Cloud,North America,1,1200.00,0.0,1200.00,Refunded
ORD-001637,2026-07-30,Fiona Gallagher,fiona.g@example.com,Samsung 4K 32-inch Monitor,Electronics,Latin America,2,499.00,5.0,948.10,Pending
ORD-001638,2026-06-13,Charlie Zhang,charlie.z@example.com,Logitech MX Master 3S,Electronics,North America,2,99.00,20.0,158.40,Pending
ORD-001639,2026-04-02,Julia Roberts,julia.r@example.com,Gel Pen Set (12-pack),Office Supplies,Middle East,2,14.50,0.0,29.00,Pending
ORD-001640,2026-06-06,Ian Malcolm,ian.m@example.com,Dual Monitor Arm Mount,Furniture,North America,4,75.00,10.0,270.00,Refunded
ORD-001641,2026-08-09,Hannah Abbott,hannah.a@example.com,Premium Hardcover Notebooks (Pack of 3),Office Supplies,Asia Pacific,1,24.99,0.0,24.99,Completed
ORD-001642,2026-07-26,Alice Walker,alice.w@example.com,Cable Management Kit,Office Supplies,North America,1,19.99,0.0,19.99,Completed
ORD-001643,2026-07-02,Hannah Abbott,hannah.a@example.com,Premium Hardcover Notebooks (Pack of 3),Office Supplies,Europe,1,24.99,0.0,24.99,Completed
ORD-001644,2026-08-10,Alice Walker,alice.w@example.com,Dry Erase Magnetic Whiteboard,Office Supplies,Asia Pacific,1,89.00,5.0,84.55,Pending
ORD-001645,2026-07-06,Bob Martinez,bob.m@example.com,Under-desk Footrest,Furniture,Middle East,4,35.00,5.0,133.00,Pending
ORD-001646,2026-09-03,Julia Roberts,julia.r@example.com,LED Desk Lamp with Wireless Charger,Furniture,Europe,1,45.00,0.0,45.00,Refunded
ORD-001647,2026-08-21,Bob Martinez,bob.m@example.com,Under-desk Footrest,Furniture,Middle East,2,35.00,0.0,70.00,Completed
ORD-001648,2026-05-12,Hannah Abbott,hannah.a@example.com,API Gateway Developer Pass,Software & Cloud,Asia Pacific,1,299.00,5.0,284.05,Pending
ORD-001649,2026-06-24,Alice Walker,alice.w@example.com,Under-desk Footrest,Furniture,North America,1,35.00,0.0,35.00,Completed
ORD-001650,2026-08-20,Evan Hughes,evan.h@example.com,Team Workspace Cloud Storage (1TB),Software & Cloud,Latin America,4,120.00,5.0,456.00,Completed
ORD-001651,2026-09-05,Bob Martinez,bob.m@example.com,Cable Management Kit,Office Supplies,Europe,1,19.99,0.0,19.99,Completed
ORD-001652,2026-09-18,Evan Hughes,evan.h@example.com,Dell XPS 15,Electronics,Middle East,1,1899.00,10.0,1709.10,Completed
ORD-001653,2026-08-01,George Clark,george.c@example.com,Ergonomic Mesh Chair,Furniture,North America,3,350.00,0.0,1050.00,Completed
ORD-001654,2026-07-11,Fiona Gallagher,fiona.g@example.com,Team Workspace Cloud Storage (1TB),Software & Cloud,Europe,1,120.00,10.0,108.00,Completed
ORD-001655,2026-06-10,Alice Walker,alice.w@example.com,Apple iPad Air M2,Electronics,Asia Pacific,5,599.00,0.0,2995.00,Refunded
ORD-001656,2026-09-17,Julia Roberts,julia.r@example.com,SalesPulse Enterprise Annual License,Software & Cloud,Europe,4,1200.00,10.0,4320.00,Refunded
ORD-001657,2026-07-13,Alice Walker,alice.w@example.com,Samsung 4K 32-inch Monitor,Electronics,Latin America,1,499.00,0.0,499.00,Completed
ORD-001658,2026-06-28,Evan Hughes,evan.h@example.com,Dell XPS 15,Electronics,North America,2,1899.00,20.0,3038.40,Refunded
ORD-001659,2026-06-06,George Clark,george.c@example.com,Dell XPS 15,Electronics,Europe,3,1899.00,20.0,4557.60,Completed
ORD-001660,2026-05-13,Alice Walker,alice.w@example.com,Dell XPS 15,Electronics,Middle East,1,1899.00,0.0,1899.00,Completed
ORD-001661,2026-07-29,Alice Walker,alice.w@example.com,Dry Erase Magnetic Whiteboard,Office Supplies,North America,1,89.00,0.0,89.00,Refunded
ORD-001662,2026-06-08,George Clark,george.c@example.com,LED Desk Lamp with Wireless Charger,Furniture,Middle East,1,45.00,15.0,38.25,Completed
ORD-001663,2026-09-24,Charlie Zhang,charlie.z@example.com,Cable Management Kit,Office Supplies,Middle East,3,19.99,0.0,59.97,Refunded
ORD-001664,2026-04-14,Julia Roberts,julia.r@example.com,Under-desk Footrest,Furniture,North America,1,35.00,0.0,35.00,Completed
ORD-001665,2026-06-07,Evan Hughes,evan.h@example.com,Logitech MX Master 3S,Electronics,North America,1,99.00,5.0,94.05,Completed
ORD-001666,2026-06-13,Julia Roberts,julia.r@example.com,Gel Pen Set (12-pack),Office Supplies,Middle East,1,14.50,0.0,14.50,Completed
ORD-001667,2026-05-25,Diana Prince,diana.p@example.com,Electric Standing Desk 60x30,Furniture,North America,2,580.00,0.0,1160.00,Completed
ORD-001668,2026-09-13,Ian Malcolm,ian.m@example.com,Electric Standing Desk 60x30,Furniture,Europe,4,580.00,10.0,2088.00,Completed
ORD-001669,2026-04-02,Alice Walker,alice.w@example.com,Cable Management Kit,Office Supplies,North America,1,19.99,15.0,16.99,Completed
ORD-001670,2026-07-18,George Clark,george.c@example.com,Premium Hardcover Notebooks (Pack of 3),Office Supplies,Asia Pacific,1,24.99,0.0,24.99,Refunded
ORD-001671,2026-05-28,Julia Roberts,julia.r@example.com,Ergonomic Mesh Chair,Furniture,Europe,2,350.00,0.0,700.00,Completed
ORD-001672,2026-05-28,Fiona Gallagher,fiona.g@example.com,Premium Hardcover Notebooks (Pack of 3),Office Supplies,Europe,1,24.99,5.0,23.74,Completed
ORD-001673,2026-04-22,Fiona Gallagher,fiona.g@example.com,Dual Monitor Arm Mount,Furniture,Latin America,3,75.00,10.0,202.50,Completed
ORD-001674,2026-05-10,Bob Martinez,bob.m@example.com,Dell XPS 15,Electronics,Middle East,1,1899.00,0.0,1899.00,Completed
ORD-001675,2026-07-16,Fiona Gallagher,fiona.g@example.com,Under-desk Footrest,Furniture,Latin America,1,35.00,0.0,35.00,Completed
ORD-001676,2026-04-26,Diana Prince,diana.p@example.com,API Gateway Developer Pass,Software & Cloud,Asia Pacific,1,299.00,0.0,299.00,Completed
ORD-001677,2026-07-30,Hannah Abbott,hannah.a@example.com,Team Workspace Cloud Storage (1TB),Software & Cloud,Asia Pacific,2,120.00,0.0,240.00,Pending
ORD-001678,2026-09-03,Evan Hughes,evan.h@example.com,Premium Hardcover Notebooks (Pack of 3),Office Supplies,Latin America,10,24.99,20.0,199.92,Completed
ORD-001679,2026-08-25,Fiona Gallagher,fiona.g@example.com,Sony WH-1000XM5 Headphones,Electronics,Latin America,1,399.00,10.0,359.10,Refunded
ORD-001680,2026-08-19,Ian Malcolm,ian.m@example.com,Electric Standing Desk 60x30,Furniture,Europe,1,580.00,0.0,580.00,Completed
ORD-001681,2026-07-27,Ian Malcolm,ian.m@example.com,Heavy-Duty Desktop Stapler,Office Supplies,North America,1,18.00,0.0,18.00,Completed
ORD-001682,2026-06-30,Diana Prince,diana.p@example.com,LED Desk Lamp with Wireless Charger,Furniture,Asia Pacific,3,45.00,5.0,128.25,Completed
ORD-001683,2026-07-03,Fiona Gallagher,fiona.g@example.com,Apple iPad Air M2,Electronics,Latin America,1,599.00,0.0,599.00,Pending
ORD-001684,2026-06-17,Alice Walker,alice.w@example.com,Dell XPS 15,Electronics,Latin America,2,1899.00,10.0,3418.20,Completed
ORD-001685,2026-07-18,Hannah Abbott,hannah.a@example.com,Dry Erase Magnetic Whiteboard,Office Supplies,Europe,1,89.00,0.0,89.00,Refunded
ORD-001686,2026-08-21,Evan Hughes,evan.h@example.com,Heavy-Duty Desktop Stapler,Office Supplies,North America,1,18.00,10.0,16.20,Refunded
ORD-001687,2026-07-21,Hannah Abbott,hannah.a@example.com,Samsung 4K 32-inch Monitor,Electronics,Asia Pacific,1,499.00,20.0,399.20,Completed
ORD-001688,2026-08-14,Bob Martinez,bob.m@example.com,Dry Erase Magnetic Whiteboard,Office Supplies,Asia Pacific,1,89.00,5.0,84.55,Pending
ORD-001689,2026-07-30,Hannah Abbott,hannah.a@example.com,Ergonomic Mesh Chair,Furniture,Europe,2,350.00,10.0,630.00,Completed
ORD-001690,2026-09-04,George Clark,george.c@example.com,Gel Pen Set (12-pack),Office Supplies,Asia Pacific,5,14.50,0.0,72.50,Completed
ORD-001691,2026-08-26,Ian Malcolm,ian.m@example.com,Sony WH-1000XM5 Headphones,Electronics,Latin America,2,399.00,0.0,798.00,Completed
ORD-001692,2026-08-24,Diana Prince,diana.p@example.com,Team Workspace Cloud Storage (1TB),Software & Cloud,Asia Pacific,1,120.00,0.0,120.00,Completed
ORD-001693,2026-08-22,George Clark,george.c@example.com,Team Workspace Cloud Storage (1TB),Software & Cloud,North America,5,120.00,5.0,570.00,Completed
ORD-001694,2026-03-30,Evan Hughes,evan.h@example.com,Security Audit Suite Pro,Software & Cloud,Asia Pacific,1,450.00,0.0,450.00,Pending
ORD-001695,2026-05-10,Diana Prince,diana.p@example.com,SalesPulse Enterprise Annual License,Software & Cloud,Europe,3,1200.00,5.0,3420.00,Pending
ORD-001696,2026-08-14,Alice Walker,alice.w@example.com,LED Desk Lamp with Wireless Charger,Furniture,Europe,1,45.00,5.0,42.75,Completed
ORD-001697,2026-04-04,Hannah Abbott,hannah.a@example.com,Dry Erase Magnetic Whiteboard,Office Supplies,Asia Pacific,3,89.00,0.0,267.00,Completed
ORD-001698,2026-05-29,Julia Roberts,julia.r@example.com,Sony WH-1000XM5 Headphones,Electronics,Middle East,5,399.00,0.0,1995.00,Completed
ORD-001699,2026-09-12,Diana Prince,diana.p@example.com,Dual Monitor Arm Mount,Furniture,Asia Pacific,1,75.00,0.0,75.00,Completed
ORD-001700,2026-05-29,Charlie Zhang,charlie.z@example.com,Under-desk Footrest,Furniture,Asia Pacific,2,35.00,5.0,66.50,Refunded
ORD-001701,2026-05-31,Diana Prince,diana.p@example.com,Cable Management Kit,Office Supplies,Middle East,4,19.99,10.0,71.96,Pending
ORD-001702,2026-07-07,Diana Prince,diana.p@example.com,MacBook Pro 16,Electronics,Middle East,1,2499.00,0.0,2499.00,Completed
ORD-001703,2026-04-02,Diana Prince,diana.p@example.com,Team Workspace Cloud Storage (1TB),Software & Cloud,Asia Pacific,2,120.00,0.0,240.00,Completed
ORD-001704,2026-08-26,Julia Roberts,julia.r@example.com,MacBook Pro 16,Electronics,Latin America,1,2499.00,5.0,2374.05,Completed
ORD-001705,2026-07-17,Evan Hughes,evan.h@example.com,Logitech MX Master 3S,Electronics,Europe,1,99.00,0.0,99.00,Pending
ORD-001706,2026-04-06,Fiona Gallagher,fiona.g@example.com,SalesPulse Enterprise Annual License,Software & Cloud,North America,1,1200.00,0.0,1200.00,Completed
ORD-001707,2026-06-28,Charlie Zhang,charlie.z@example.com,Cable Management Kit,Office Supplies,Asia Pacific,3,19.99,5.0,56.97,Completed
ORD-001708,2026-06-26,Hannah Abbott,hannah.a@example.com,API Gateway Developer Pass,Software & Cloud,North America,2,299.00,0.0,598.00,Completed
ORD-001709,2026-04-06,Alice Walker,alice.w@example.com,Cable Management Kit,Office Supplies,North America,2,19.99,0.0,39.98,Completed
ORD-001710,2026-08-24,Ian Malcolm,ian.m@example.com,Cable Management Kit,Office Supplies,Asia Pacific,4,19.99,0.0,79.96,Completed
ORD-001711,2026-09-20,Charlie Zhang,charlie.z@example.com,Cable Management Kit,Office Supplies,Middle East,1,19.99,0.0,19.99,Completed
ORD-001712,2026-05-28,Fiona Gallagher,fiona.g@example.com,Premium Hardcover Notebooks (Pack of 3),Office Supplies,Middle East,5,24.99,0.0,124.95,Completed
ORD-001713,2026-07-15,Julia Roberts,julia.r@example.com,Team Workspace Cloud Storage (1TB),Software & Cloud,Middle East,1,120.00,0.0,120.00,Completed
ORD-001714,2026-07-02,George Clark,george.c@example.com,Under-desk Footrest,Furniture,Middle East,5,35.00,0.0,175.00,Completed
ORD-001715,2026-08-21,Julia Roberts,julia.r@example.com,SalesPulse Enterprise Annual License,Software & Cloud,North America,5,1200.00,5.0,5700.00,Completed
ORD-001716,2026-09-22,Diana Prince,diana.p@example.com,Gel Pen Set (12-pack),Office Supplies,Europe,2,14.50,0.0,29.00,Completed
ORD-001717,2026-08-07,Charlie Zhang,charlie.z@example.com,Dell XPS 15,Electronics,Europe,1,1899.00,0.0,1899.00,Pending
ORD-001718,2026-09-07,Diana Prince,diana.p@example.com,Team Workspace Cloud Storage (1TB),Software & Cloud,Latin America,5,120.00,0.0,600.00,Pending
ORD-001719,2026-06-29,Alice Walker,alice.w@example.com,Gel Pen Set (12-pack),Office Supplies,Europe,1,14.50,0.0,14.50,Completed
ORD-001720,2026-08-16,George Clark,george.c@example.com,Dry Erase Magnetic Whiteboard,Office Supplies,North America,3,89.00,0.0,267.00,Completed
ORD-001721,2026-07-26,Bob Martinez,bob.m@example.com,Under-desk Footrest,Furniture,Latin America,1,35.00,0.0,35.00,Completed
ORD-001722,2026-05-08,Ian Malcolm,ian.m@example.com,Team Workspace Cloud Storage (1TB),Software & Cloud,North America,3,120.00,5.0,342.00,Completed
ORD-001723,2026-09-20,Hannah Abbott,hannah.a@example.com,Logitech MX Master 3S,Electronics,Europe,1,99.00,0.0,99.00,Pending
ORD-001724,2026-09-11,George Clark,george.c@example.com,SalesPulse Enterprise Annual License,Software & Cloud,Middle East,2,1200.00,0.0,2400.00,Completed
ORD-001725,2026-09-08,Alice Walker,alice.w@example.com,MacBook Pro 16,Electronics,North America,3,2499.00,0.0,7497.00,Completed
ORD-001726,2026-06-18,Diana Prince,diana.p@example.com,Sony WH-1000XM5 Headphones,Electronics,Latin America,1,399.00,0.0,399.00,Completed
ORD-001727,2026-06-02,Julia Roberts,julia.r@example.com,Security Audit Suite Pro,Software & Cloud,Europe,3,450.00,0.0,1350.00,Completed
ORD-001728,2026-06-10,Julia Roberts,julia.r@example.com,Security Audit Suite Pro,Software & Cloud,North America,2,450.00,10.0,810.00,Completed
ORD-001729,2026-08-20,Hannah Abbott,hannah.a@example.com,Dell XPS 15,Electronics,Middle East,2,1899.00,0.0,3798.00,Completed
ORD-001730,2026-08-17,Julia Roberts,julia.r@example.com,Under-desk Footrest,Furniture,Latin America,2,35.00,0.0,70.00,Completed
ORD-001731,2026-05-01,Fiona Gallagher,fiona.g@example.com,SalesPulse Enterprise Annual License,Software & Cloud,Middle East,2,1200.00,0.0,2400.00,Completed
ORD-001732,2026-08-25,Ian Malcolm,ian.m@example.com,MacBook Pro 16,Electronics,Asia Pacific,1,2499.00,5.0,2374.05,Pending
ORD-001733,2026-06-03,Hannah Abbott,hannah.a@example.com,Under-desk Footrest,Furniture,Middle East,4,35.00,5.0,133.00,Completed
ORD-001734,2026-05-20,Julia Roberts,julia.r@example.com,Cable Management Kit,Office Supplies,Latin America,2,19.99,0.0,39.98,Completed
ORD-001735,2026-07-24,Ian Malcolm,ian.m@example.com,API Gateway Developer Pass,Software & Cloud,Asia Pacific,1,299.00,0.0,299.00,Completed
ORD-001736,2026-04-25,Fiona Gallagher,fiona.g@example.com,Team Workspace Cloud Storage (1TB),Software & Cloud,Latin America,1,120.00,20.0,96.00,Completed
ORD-001737,2026-09-10,Charlie Zhang,charlie.z@example.com,Samsung 4K 32-inch Monitor,Electronics,Latin America,1,499.00,0.0,499.00,Completed
ORD-001738,2026-05-16,George Clark,george.c@example.com,Logitech MX Master 3S,Electronics,Latin America,1,99.00,0.0,99.00,Completed
ORD-001739,2026-05-19,Alice Walker,alice.w@example.com,Electric Standing Desk 60x30,Furniture,Latin America,2,580.00,0.0,1160.00,Completed
ORD-001740,2026-05-23,Alice Walker,alice.w@example.com,MacBook Pro 16,Electronics,Asia Pacific,1,2499.00,0.0,2499.00,Refunded
ORD-001741,2026-04-11,Ian Malcolm,ian.m@example.com,Ergonomic Mesh Chair,Furniture,Middle East,2,350.00,15.0,595.00,Completed
ORD-001742,2026-06-07,Charlie Zhang,charlie.z@example.com,MacBook Pro 16,Electronics,Middle East,1,2499.00,0.0,2499.00,Completed
ORD-001743,2026-07-21,Fiona Gallagher,fiona.g@example.com,Electric Standing Desk 60x30,Furniture,Middle East,2,580.00,0.0,1160.00,Completed
ORD-001744,2026-05-11,Charlie Zhang,charlie.z@example.com,Gel Pen Set (12-pack),Office Supplies,Latin America,1,14.50,10.0,13.05,Pending
ORD-001745,2026-04-20,George Clark,george.c@example.com,LED Desk Lamp with Wireless Charger,Furniture,Europe,3,45.00,0.0,135.00,Completed
ORD-001746,2026-04-15,Bob Martinez,bob.m@example.com,Team Workspace Cloud Storage (1TB),Software & Cloud,Latin America,1,120.00,5.0,114.00,Completed
ORD-001747,2026-09-08,Charlie Zhang,charlie.z@example.com,Premium Hardcover Notebooks (Pack of 3),Office Supplies,Asia Pacific,4,24.99,0.0,99.96,Completed
ORD-001748,2026-07-03,Ian Malcolm,ian.m@example.com,Sony WH-1000XM5 Headphones,Electronics,Middle East,3,399.00,5.0,1137.15,Refunded
ORD-001749,2026-05-01,Diana Prince,diana.p@example.com,Logitech MX Master 3S,Electronics,Latin America,4,99.00,0.0,396.00,Completed
ORD-001750,2026-06-06,Ian Malcolm,ian.m@example.com,Team Workspace Cloud Storage (1TB),Software & Cloud,North America,2,120.00,0.0,240.00,Completed
ORD-001751,2026-05-31,Fiona Gallagher,fiona.g@example.com,MacBook Pro 16,Electronics,Latin America,1,2499.00,0.0,2499.00,Completed
ORD-001752,2026-07-16,Charlie Zhang,charlie.z@example.com,Gel Pen Set (12-pack),Office Supplies,North America,2,14.50,0.0,29.00,Pending
ORD-001753,2026-09-23,Diana Prince,diana.p@example.com,Apple iPad Air M2,Electronics,North America,3,599.00,0.0,1797.00,Completed
ORD-001754,2026-06-22,Bob Martinez,bob.m@example.com,Security Audit Suite Pro,Software & Cloud,Asia Pacific,2,450.00,0.0,900.00,Completed
ORD-001755,2026-09-03,Bob Martinez,bob.m@example.com,Samsung 4K 32-inch Monitor,Electronics,Asia Pacific,2,499.00,0.0,998.00,Refunded
ORD-001756,2026-06-13,Ian Malcolm,ian.m@example.com,Cable Management Kit,Office Supplies,Latin America,2,19.99,15.0,33.98,Completed
ORD-001757,2026-09-18,Ian Malcolm,ian.m@example.com,Gel Pen Set (12-pack),Office Supplies,Latin America,2,14.50,0.0,29.00,Refunded
ORD-001758,2026-07-31,Julia Roberts,julia.r@example.com,Team Workspace Cloud Storage (1TB),Software & Cloud,North America,2,120.00,10.0,216.00,Completed
ORD-001759,2026-07-11,Ian Malcolm,ian.m@example.com,Electric Standing Desk 60x30,Furniture,Latin America,3,580.00,5.0,1653.00,Pending
ORD-001760,2026-07-08,Alice Walker,alice.w@example.com,Heavy-Duty Desktop Stapler,Office Supplies,Latin America,3,18.00,0.0,54.00,Completed
ORD-001761,2026-06-16,Fiona Gallagher,fiona.g@example.com,Sony WH-1000XM5 Headphones,Electronics,North America,1,399.00,0.0,399.00,Completed
ORD-001762,2026-08-23,Ian Malcolm,ian.m@example.com,Apple iPad Air M2,Electronics,North America,1,599.00,0.0,599.00,Refunded
ORD-001763,2026-07-15,Bob Martinez,bob.m@example.com,Samsung 4K 32-inch Monitor,Electronics,Asia Pacific,2,499.00,0.0,998.00,Refunded
ORD-001764,2026-06-20,Julia Roberts,julia.r@example.com,Dual Monitor Arm Mount,Furniture,Europe,1,75.00,0.0,75.00,Pending
ORD-001765,2026-06-09,Evan Hughes,evan.h@example.com,Gel Pen Set (12-pack),Office Supplies,Europe,3,14.50,5.0,41.32,Completed
ORD-001766,2026-06-01,Alice Walker,alice.w@example.com,Premium Hardcover Notebooks (Pack of 3),Office Supplies,Europe,3,24.99,5.0,71.22,Completed
ORD-001767,2026-06-26,Evan Hughes,evan.h@example.com,Security Audit Suite Pro,Software & Cloud,Latin America,3,450.00,0.0,1350.00,Pending
ORD-001768,2026-07-02,Evan Hughes,evan.h@example.com,Gel Pen Set (12-pack),Office Supplies,Middle East,1,14.50,20.0,11.60,Completed
ORD-001769,2026-04-21,Ian Malcolm,ian.m@example.com,Gel Pen Set (12-pack),Office Supplies,Middle East,3,14.50,10.0,39.15,Completed
ORD-001770,2026-08-20,Julia Roberts,julia.r@example.com,Apple iPad Air M2,Electronics,North America,3,599.00,0.0,1797.00,Completed
ORD-001771,2026-07-31,Charlie Zhang,charlie.z@example.com,API Gateway Developer Pass,Software & Cloud,Middle East,1,299.00,0.0,299.00,Pending
ORD-001772,2026-08-09,Ian Malcolm,ian.m@example.com,Heavy-Duty Desktop Stapler,Office Supplies,North America,4,18.00,0.0,72.00,Completed
ORD-001773,2026-04-14,Hannah Abbott,hannah.a@example.com,Logitech MX Master 3S,Electronics,Europe,2,99.00,0.0,198.00,Completed
ORD-001774,2026-07-20,Charlie Zhang,charlie.z@example.com,Samsung 4K 32-inch Monitor,Electronics,Middle East,3,499.00,0.0,1497.00,Refunded
ORD-001775,2026-07-10,Ian Malcolm,ian.m@example.com,Cable Management Kit,Office Supplies,Middle East,1,19.99,10.0,17.99,Completed
ORD-001776,2026-03-30,George Clark,george.c@example.com,Ergonomic Mesh Chair,Furniture,Latin America,2,350.00,10.0,630.00,Pending
ORD-001777,2026-07-14,Fiona Gallagher,fiona.g@example.com,Samsung 4K 32-inch Monitor,Electronics,Latin America,1,499.00,0.0,499.00,Pending
ORD-001778,2026-07-11,Charlie Zhang,charlie.z@example.com,Sony WH-1000XM5 Headphones,Electronics,Middle East,1,399.00,15.0,339.15,Completed
ORD-001779,2026-09-14,Fiona Gallagher,fiona.g@example.com,API Gateway Developer Pass,Software & Cloud,Europe,2,299.00,0.0,598.00,Completed
ORD-001780,2026-08-12,Hannah Abbott,hannah.a@example.com,Premium Hardcover Notebooks (Pack of 3),Office Supplies,Middle East,1,24.99,0.0,24.99,Completed
ORD-001781,2026-04-28,Fiona Gallagher,fiona.g@example.com,Dell XPS 15,Electronics,Middle East,5,1899.00,0.0,9495.00,Refunded
ORD-001782,2026-06-11,Julia Roberts,julia.r@example.com,Electric Standing Desk 60x30,Furniture,Middle East,1,580.00,15.0,493.00,Refunded
ORD-001783,2026-05-10,Fiona Gallagher,fiona.g@example.com,LED Desk Lamp with Wireless Charger,Furniture,Europe,1,45.00,0.0,45.00,Completed
ORD-001784,2026-07-26,Bob Martinez,bob.m@example.com,Dell XPS 15,Electronics,North America,3,1899.00,0.0,5697.00,Refunded
ORD-001785,2026-07-02,Hannah Abbott,hannah.a@example.com,Dual Monitor Arm Mount,Furniture,Middle East,3,75.00,0.0,225.00,Completed
ORD-001786,2026-03-29,Alice Walker,alice.w@example.com,Gel Pen Set (12-pack),Office Supplies,Europe,5,14.50,0.0,72.50,Completed
ORD-001787,2026-07-31,Charlie Zhang,charlie.z@example.com,MacBook Pro 16,Electronics,North America,2,2499.00,0.0,4998.00,Completed
ORD-001788,2026-09-03,Diana Prince,diana.p@example.com,Gel Pen Set (12-pack),Office Supplies,Asia Pacific,1,14.50,0.0,14.50,Completed
ORD-001789,2026-06-15,Hannah Abbott,hannah.a@example.com,Ergonomic Mesh Chair,Furniture,North America,1,350.00,0.0,350.00,Completed
ORD-001790,2026-05-06,Julia Roberts,julia.r@example.com,Apple iPad Air M2,Electronics,Asia Pacific,1,599.00,5.0,569.05,Pending
ORD-001791,2026-05-20,Alice Walker,alice.w@example.com,Samsung 4K 32-inch Monitor,Electronics,North America,1,499.00,5.0,474.05,Completed
ORD-001792,2026-06-05,Bob Martinez,bob.m@example.com,Team Workspace Cloud Storage (1TB),Software & Cloud,Asia Pacific,2,120.00,0.0,240.00,Completed
ORD-001793,2026-05-18,Bob Martinez,bob.m@example.com,SalesPulse Enterprise Annual License,Software & Cloud,Europe,2,1200.00,0.0,2400.00,Completed
ORD-001794,2026-03-29,Fiona Gallagher,fiona.g@example.com,Samsung 4K 32-inch Monitor,Electronics,Middle East,3,499.00,5.0,1422.15,Refunded
ORD-001795,2026-08-10,Charlie Zhang,charlie.z@example.com,MacBook Pro 16,Electronics,Asia Pacific,3,2499.00,15.0,6372.45,Completed
ORD-001796,2026-08-23,Ian Malcolm,ian.m@example.com,SalesPulse Enterprise Annual License,Software & Cloud,Europe,1,1200.00,5.0,1140.00,Completed
ORD-001797,2026-09-17,Hannah Abbott,hannah.a@example.com,Cable Management Kit,Office Supplies,Middle East,1,19.99,0.0,19.99,Completed
ORD-001798,2026-07-03,Charlie Zhang,charlie.z@example.com,API Gateway Developer Pass,Software & Cloud,North America,1,299.00,10.0,269.10,Pending
ORD-001799,2026-04-06,Evan Hughes,evan.h@example.com,LED Desk Lamp with Wireless Charger,Furniture,Middle East,5,45.00,10.0,202.50,Completed
ORD-001800,2026-07-09,Hannah Abbott,hannah.a@example.com,Samsung 4K 32-inch Monitor,Electronics,Middle East,2,499.00,0.0,998.00,Completed
ORD-001801,2026-07-27,Alice Walker,alice.w@example.com,Samsung 4K 32-inch Monitor,Electronics,Asia Pacific,1,499.00,0.0,499.00,Completed
ORD-001802,2026-09-02,Hannah Abbott,hannah.a@example.com,Ergonomic Mesh Chair,Furniture,Latin America,4,350.00,0.0,1400.00,Completed
ORD-001803,2026-09-24,Fiona Gallagher,fiona.g@example.com,Gel Pen Set (12-pack),Office Supplies,Middle East,1,14.50,20.0,11.60,Refunded
ORD-001804,2026-05-15,Bob Martinez,bob.m@example.com,Heavy-Duty Desktop Stapler,Office Supplies,North America,1,18.00,20.0,14.40,Refunded
ORD-001805,2026-08-23,George Clark,george.c@example.com,Security Audit Suite Pro,Software & Cloud,Latin America,4,450.00,15.0,1530.00,Completed
ORD-001806,2026-08-23,Evan Hughes,evan.h@example.com,Security Audit Suite Pro,Software & Cloud,Asia Pacific,1,450.00,10.0,405.00,Pending
ORD-001807,2026-03-31,Charlie Zhang,charlie.z@example.com,Samsung 4K 32-inch Monitor,Electronics,Latin America,1,499.00,0.0,499.00,Completed
ORD-001808,2026-08-17,Julia Roberts,julia.r@example.com,Dual Monitor Arm Mount,Furniture,Europe,1,75.00,0.0,75.00,Completed
ORD-001809,2026-07-09,Charlie Zhang,charlie.z@example.com,SalesPulse Enterprise Annual License,Software & Cloud,Asia Pacific,1,1200.00,0.0,1200.00,Completed
ORD-001810,2026-07-06,Hannah Abbott,hannah.a@example.com,Security Audit Suite Pro,Software & Cloud,Latin America,2,450.00,5.0,855.00,Completed
ORD-001811,2026-08-07,Fiona Gallagher,fiona.g@example.com,Sony WH-1000XM5 Headphones,Electronics,North America,1,399.00,20.0,319.20,Completed
ORD-001812,2026-04-16,Bob Martinez,bob.m@example.com,Cable Management Kit,Office Supplies,Middle East,1,19.99,0.0,19.99,Completed
ORD-001813,2026-07-25,Hannah Abbott,hannah.a@example.com,LED Desk Lamp with Wireless Charger,Furniture,Middle East,2,45.00,5.0,85.50,Completed
ORD-001814,2026-07-16,Ian Malcolm,ian.m@example.com,Security Audit Suite Pro,Software & Cloud,Europe,5,450.00,0.0,2250.00,Refunded
ORD-001815,2026-05-17,Evan Hughes,evan.h@example.com,Cable Management Kit,Office Supplies,Middle East,1,19.99,20.0,15.99,Completed
ORD-001816,2026-07-12,Alice Walker,alice.w@example.com,API Gateway Developer Pass,Software & Cloud,Europe,1,299.00,0.0,299.00,Completed
ORD-001817,2026-06-20,Ian Malcolm,ian.m@example.com,Samsung 4K 32-inch Monitor,Electronics,Middle East,1,499.00,0.0,499.00,Completed
ORD-001818,2026-09-16,Ian Malcolm,ian.m@example.com,Dual Monitor Arm Mount,Furniture,Asia Pacific,1,75.00,5.0,71.25,Refunded
ORD-001819,2026-06-09,Hannah Abbott,hannah.a@example.com,Heavy-Duty Desktop Stapler,Office Supplies,Latin America,2,18.00,0.0,36.00,Pending
ORD-001820,2026-07-12,Alice Walker,alice.w@example.com,Dell XPS 15,Electronics,Latin America,2,1899.00,5.0,3608.10,Pending
ORD-001821,2026-05-12,Alice Walker,alice.w@example.com,Gel Pen Set (12-pack),Office Supplies,North America,1,14.50,0.0,14.50,Completed
ORD-001822,2026-05-03,Hannah Abbott,hannah.a@example.com,Sony WH-1000XM5 Headphones,Electronics,Europe,1,399.00,0.0,399.00,Completed
ORD-001823,2026-08-11,Diana Prince,diana.p@example.com,Heavy-Duty Desktop Stapler,Office Supplies,Asia Pacific,1,18.00,5.0,17.10,Completed
ORD-001824,2026-06-25,Evan Hughes,evan.h@example.com,Dual Monitor Arm Mount,Furniture,Asia Pacific,2,75.00,0.0,150.00,Completed
ORD-001825,2026-06-10,Julia Roberts,julia.r@example.com,Electric Standing Desk 60x30,Furniture,Latin America,3,580.00,0.0,1740.00,Pending
ORD-001826,2026-06-20,Hannah Abbott,hannah.a@example.com,Electric Standing Desk 60x30,Furniture,Middle East,4,580.00,0.0,2320.00,Refunded
ORD-001827,2026-04-03,Ian Malcolm,ian.m@example.com,Team Workspace Cloud Storage (1TB),Software & Cloud,North America,2,120.00,0.0,240.00,Pending
ORD-001828,2026-08-21,Alice Walker,alice.w@example.com,Samsung 4K 32-inch Monitor,Electronics,Latin America,1,499.00,0.0,499.00,Refunded
ORD-001829,2026-05-18,Ian Malcolm,ian.m@example.com,Security Audit Suite Pro,Software & Cloud,Asia Pacific,2,450.00,0.0,900.00,Completed
ORD-001830,2026-06-01,Ian Malcolm,ian.m@example.com,Under-desk Footrest,Furniture,North America,1,35.00,0.0,35.00,Refunded
ORD-001831,2026-08-14,Hannah Abbott,hannah.a@example.com,Dual Monitor Arm Mount,Furniture,North America,2,75.00,0.0,150.00,Completed
ORD-001832,2026-08-20,Hannah Abbott,hannah.a@example.com,Heavy-Duty Desktop Stapler,Office Supplies,Latin America,1,18.00,5.0,17.10,Pending
ORD-001833,2026-08-28,George Clark,george.c@example.com,Electric Standing Desk 60x30,Furniture,Europe,1,580.00,0.0,580.00,Completed
ORD-001834,2026-05-27,Ian Malcolm,ian.m@example.com,Sony WH-1000XM5 Headphones,Electronics,Asia Pacific,2,399.00,0.0,798.00,Completed
ORD-001835,2026-06-25,George Clark,george.c@example.com,Dry Erase Magnetic Whiteboard,Office Supplies,Latin America,1,89.00,0.0,89.00,Refunded
ORD-001836,2026-08-11,Fiona Gallagher,fiona.g@example.com,Electric Standing Desk 60x30,Furniture,Europe,1,580.00,5.0,551.00,Completed
ORD-001837,2026-04-14,Fiona Gallagher,fiona.g@example.com,Logitech MX Master 3S,Electronics,Middle East,2,99.00,0.0,198.00,Completed
ORD-001838,2026-07-08,Diana Prince,diana.p@example.com,Cable Management Kit,Office Supplies,Asia Pacific,1,19.99,0.0,19.99,Completed
ORD-001839,2026-04-25,Charlie Zhang,charlie.z@example.com,Logitech MX Master 3S,Electronics,Asia Pacific,1,99.00,15.0,84.15,Completed
ORD-001840,2026-07-13,Evan Hughes,evan.h@example.com,API Gateway Developer Pass,Software & Cloud,Middle East,2,299.00,0.0,598.00,Pending
ORD-001841,2026-04-16,Alice Walker,alice.w@example.com,Premium Hardcover Notebooks (Pack of 3),Office Supplies,Latin America,4,24.99,0.0,99.96,Refunded
ORD-001842,2026-07-17,Bob Martinez,bob.m@example.com,Dual Monitor Arm Mount,Furniture,Asia Pacific,2,75.00,15.0,127.50,Completed
ORD-001843,2026-03-29,Julia Roberts,julia.r@example.com,Logitech MX Master 3S,Electronics,Latin America,5,99.00,0.0,495.00,Completed
ORD-001844,2026-04-10,Fiona Gallagher,fiona.g@example.com,Sony WH-1000XM5 Headphones,Electronics,Middle East,10,399.00,20.0,3192.00,Refunded
ORD-001845,2026-08-11,Bob Martinez,bob.m@example.com,Sony WH-1000XM5 Headphones,Electronics,Middle East,4,399.00,0.0,1596.00,Completed
ORD-001846,2026-08-14,Ian Malcolm,ian.m@example.com,SalesPulse Enterprise Annual License,Software & Cloud,Europe,1,1200.00,0.0,1200.00,Refunded
ORD-001847,2026-05-15,Evan Hughes,evan.h@example.com,Dell XPS 15,Electronics,Latin America,4,1899.00,10.0,6836.40,Refunded
ORD-001848,2026-06-22,Evan Hughes,evan.h@example.com,SalesPulse Enterprise Annual License,Software & Cloud,North America,2,1200.00,0.0,2400.00,Refunded
ORD-001849,2026-09-18,Bob Martinez,bob.m@example.com,Apple iPad Air M2,Electronics,North America,4,599.00,0.0,2396.00,Completed
ORD-001850,2026-06-22,Fiona Gallagher,fiona.g@example.com,Ergonomic Mesh Chair,Furniture,Latin America,10,350.00,0.0,3500.00,Completed
ORD-001851,2026-07-23,Evan Hughes,evan.h@example.com,Sony WH-1000XM5 Headphones,Electronics,North America,2,399.00,0.0,798.00,Completed
ORD-001852,2026-05-04,Hannah Abbott,hannah.a@example.com,Premium Hardcover Notebooks (Pack of 3),Office Supplies,Latin America,1,24.99,5.0,23.74,Completed
ORD-001853,2026-04-12,Diana Prince,diana.p@example.com,Ergonomic Mesh Chair,Furniture,Asia Pacific,10,350.00,0.0,3500.00,Completed
ORD-001854,2026-07-06,Ian Malcolm,ian.m@example.com,Ergonomic Mesh Chair,Furniture,Latin America,1,350.00,10.0,315.00,Completed
ORD-001855,2026-08-28,George Clark,george.c@example.com,Logitech MX Master 3S,Electronics,Middle East,1,99.00,0.0,99.00,Completed
ORD-001856,2026-04-21,Fiona Gallagher,fiona.g@example.com,Dry Erase Magnetic Whiteboard,Office Supplies,Europe,2,89.00,15.0,151.30,Completed
ORD-001857,2026-04-12,Julia Roberts,julia.r@example.com,Dual Monitor Arm Mount,Furniture,Europe,1,75.00,20.0,60.00,Completed
ORD-001858,2026-06-08,Fiona Gallagher,fiona.g@example.com,Dual Monitor Arm Mount,Furniture,Asia Pacific,1,75.00,15.0,63.75,Completed
ORD-001859,2026-08-26,Bob Martinez,bob.m@example.com,SalesPulse Enterprise Annual License,Software & Cloud,Latin America,1,1200.00,0.0,1200.00,Refunded
ORD-001860,2026-04-08,Charlie Zhang,charlie.z@example.com,Samsung 4K 32-inch Monitor,Electronics,Latin America,1,499.00,0.0,499.00,Refunded
ORD-001861,2026-07-02,Bob Martinez,bob.m@example.com,Under-desk Footrest,Furniture,Asia Pacific,1,35.00,0.0,35.00,Completed
ORD-001862,2026-09-18,Bob Martinez,bob.m@example.com,Premium Hardcover Notebooks (Pack of 3),Office Supplies,Europe,1,24.99,0.0,24.99,Completed
ORD-001863,2026-09-05,Diana Prince,diana.p@example.com,Apple iPad Air M2,Electronics,Middle East,4,599.00,15.0,2036.60,Completed
ORD-001864,2026-04-25,Evan Hughes,evan.h@example.com,Gel Pen Set (12-pack),Office Supplies,Middle East,1,14.50,5.0,13.77,Completed
ORD-001865,2026-09-01,Fiona Gallagher,fiona.g@example.com,Dual Monitor Arm Mount,Furniture,Middle East,2,75.00,0.0,150.00,Completed
ORD-001866,2026-06-11,Julia Roberts,julia.r@example.com,LED Desk Lamp with Wireless Charger,Furniture,Middle East,1,45.00,0.0,45.00,Completed
ORD-001867,2026-08-22,Bob Martinez,bob.m@example.com,Dell XPS 15,Electronics,Latin America,3,1899.00,15.0,4842.45,Completed
ORD-001868,2026-08-07,George Clark,george.c@example.com,Security Audit Suite Pro,Software & Cloud,Asia Pacific,3,450.00,10.0,1215.00,Completed
ORD-001869,2026-04-17,Alice Walker,alice.w@example.com,Premium Hardcover Notebooks (Pack of 3),Office Supplies,Asia Pacific,4,24.99,0.0,99.96,Completed
ORD-001870,2026-07-12,Hannah Abbott,hannah.a@example.com,Apple iPad Air M2,Electronics,Asia Pacific,1,599.00,0.0,599.00,Pending
ORD-001871,2026-04-08,Hannah Abbott,hannah.a@example.com,LED Desk Lamp with Wireless Charger,Furniture,North America,5,45.00,5.0,213.75,Completed
ORD-001872,2026-05-06,George Clark,george.c@example.com,Samsung 4K 32-inch Monitor,Electronics,Middle East,3,499.00,0.0,1497.00,Completed
ORD-001873,2026-08-26,Ian Malcolm,ian.m@example.com,Dry Erase Magnetic Whiteboard,Office Supplies,Latin America,4,89.00,0.0,356.00,Completed
ORD-001874,2026-05-17,Alice Walker,alice.w@example.com,Apple iPad Air M2,Electronics,Europe,2,599.00,0.0,1198.00,Completed
ORD-001875,2026-05-24,Evan Hughes,evan.h@example.com,Cable Management Kit,Office Supplies,Latin America,1,19.99,0.0,19.99,Completed
ORD-001876,2026-06-04,George Clark,george.c@example.com,LED Desk Lamp with Wireless Charger,Furniture,Middle East,1,45.00,20.0,36.00,Refunded
ORD-001877,2026-06-14,Hannah Abbott,hannah.a@example.com,Under-desk Footrest,Furniture,Asia Pacific,2,35.00,0.0,70.00,Completed
ORD-001878,2026-06-10,Charlie Zhang,charlie.z@example.com,Dual Monitor Arm Mount,Furniture,Latin America,2,75.00,0.0,150.00,Completed
ORD-001879,2026-05-05,Evan Hughes,evan.h@example.com,SalesPulse Enterprise Annual License,Software & Cloud,Europe,3,1200.00,0.0,3600.00,Pending
ORD-001880,2026-04-14,Fiona Gallagher,fiona.g@example.com,Team Workspace Cloud Storage (1TB),Software & Cloud,Europe,5,120.00,20.0,480.00,Pending
ORD-001881,2026-05-05,George Clark,george.c@example.com,Samsung 4K 32-inch Monitor,Electronics,North America,2,499.00,0.0,998.00,Completed
ORD-001882,2026-07-06,Julia Roberts,julia.r@example.com,Apple iPad Air M2,Electronics,Latin America,1,599.00,0.0,599.00,Completed
ORD-001883,2026-06-04,Bob Martinez,bob.m@example.com,Gel Pen Set (12-pack),Office Supplies,Europe,1,14.50,0.0,14.50,Pending
ORD-001884,2026-08-08,Alice Walker,alice.w@example.com,Dual Monitor Arm Mount,Furniture,Middle East,1,75.00,10.0,67.50,Pending
ORD-001885,2026-05-23,Diana Prince,diana.p@example.com,Samsung 4K 32-inch Monitor,Electronics,Asia Pacific,2,499.00,0.0,998.00,Refunded
ORD-001886,2026-07-02,Julia Roberts,julia.r@example.com,Samsung 4K 32-inch Monitor,Electronics,Middle East,1,499.00,0.0,499.00,Completed
ORD-001887,2026-09-15,Evan Hughes,evan.h@example.com,Dry Erase Magnetic Whiteboard,Office Supplies,Europe,1,89.00,0.0,89.00,Completed
ORD-001888,2026-03-30,Julia Roberts,julia.r@example.com,SalesPulse Enterprise Annual License,Software & Cloud,North America,5,1200.00,15.0,5100.00,Refunded
ORD-001889,2026-04-19,Alice Walker,alice.w@example.com,Dual Monitor Arm Mount,Furniture,North America,2,75.00,20.0,120.00,Refunded
ORD-001890,2026-04-20,Diana Prince,diana.p@example.com,Dual Monitor Arm Mount,Furniture,Latin America,2,75.00,15.0,127.50,Completed
ORD-001891,2026-04-16,Alice Walker,alice.w@example.com,Dual Monitor Arm Mount,Furniture,Europe,2,75.00,20.0,120.00,Completed
ORD-001892,2026-04-20,Diana Prince,diana.p@example.com,Dell XPS 15,Electronics,Asia Pacific,1,1899.00,0.0,1899.00,Completed
ORD-001893,2026-04-03,Ian Malcolm,ian.m@example.com,API Gateway Developer Pass,Software & Cloud,Europe,3,299.00,15.0,762.45,Completed
ORD-001894,2026-06-24,Evan Hughes,evan.h@example.com,SalesPulse Enterprise Annual License,Software & Cloud,Latin America,1,1200.00,0.0,1200.00,Completed
ORD-001895,2026-04-27,Alice Walker,alice.w@example.com,Logitech MX Master 3S,Electronics,Europe,2,99.00,0.0,198.00,Pending
ORD-001896,2026-08-02,Fiona Gallagher,fiona.g@example.com,Gel Pen Set (12-pack),Office Supplies,Asia Pacific,1,14.50,0.0,14.50,Completed
ORD-001897,2026-09-13,Bob Martinez,bob.m@example.com,Under-desk Footrest,Furniture,Middle East,2,35.00,0.0,70.00,Completed
ORD-001898,2026-09-24,Diana Prince,diana.p@example.com,Sony WH-1000XM5 Headphones,Electronics,Middle East,1,399.00,10.0,359.10,Completed
ORD-001899,2026-05-15,Charlie Zhang,charlie.z@example.com,Heavy-Duty Desktop Stapler,Office Supplies,Latin America,3,18.00,0.0,54.00,Completed
ORD-001900,2026-04-15,Fiona Gallagher,fiona.g@example.com,Dell XPS 15,Electronics,Middle East,1,1899.00,20.0,1519.20,Completed
ORD-001901,2026-04-22,George Clark,george.c@example.com,Apple iPad Air M2,Electronics,North America,1,599.00,0.0,599.00,Completed
ORD-001902,2026-09-14,Ian Malcolm,ian.m@example.com,Security Audit Suite Pro,Software & Cloud,Asia Pacific,1,450.00,0.0,450.00,Completed
ORD-001903,2026-06-11,Hannah Abbott,hannah.a@example.com,Samsung 4K 32-inch Monitor,Electronics,North America,2,499.00,10.0,898.20,Completed
ORD-001904,2026-06-18,Diana Prince,diana.p@example.com,Heavy-Duty Desktop Stapler,Office Supplies,Middle East,1,18.00,5.0,17.10,Completed
ORD-001905,2026-04-01,Alice Walker,alice.w@example.com,Team Workspace Cloud Storage (1TB),Software & Cloud,Middle East,1,120.00,0.0,120.00,Completed
ORD-001906,2026-04-23,Evan Hughes,evan.h@example.com,Dry Erase Magnetic Whiteboard,Office Supplies,Latin America,2,89.00,15.0,151.30,Pending
ORD-001907,2026-08-29,Fiona Gallagher,fiona.g@example.com,Security Audit Suite Pro,Software & Cloud,Asia Pacific,1,450.00,0.0,450.00,Completed
ORD-001908,2026-05-16,George Clark,george.c@example.com,Cable Management Kit,Office Supplies,North America,3,19.99,0.0,59.97,Completed
ORD-001909,2026-09-10,Charlie Zhang,charlie.z@example.com,Dry Erase Magnetic Whiteboard,Office Supplies,Europe,10,89.00,0.0,890.00,Completed
ORD-001910,2026-08-28,Ian Malcolm,ian.m@example.com,Under-desk Footrest,Furniture,North America,2,35.00,0.0,70.00,Completed
ORD-001911,2026-06-14,Alice Walker,alice.w@example.com,SalesPulse Enterprise Annual License,Software & Cloud,Europe,1,1200.00,0.0,1200.00,Completed
ORD-001912,2026-07-13,Evan Hughes,evan.h@example.com,LED Desk Lamp with Wireless Charger,Furniture,Asia Pacific,4,45.00,15.0,153.00,Pending
ORD-001913,2026-05-25,Evan Hughes,evan.h@example.com,Security Audit Suite Pro,Software & Cloud,Latin America,2,450.00,5.0,855.00,Completed
ORD-001914,2026-08-30,Evan Hughes,evan.h@example.com,Team Workspace Cloud Storage (1TB),Software & Cloud,Middle East,3,120.00,0.0,360.00,Completed
ORD-001915,2026-04-17,Bob Martinez,bob.m@example.com,Security Audit Suite Pro,Software & Cloud,Asia Pacific,1,450.00,0.0,450.00,Refunded
ORD-001916,2026-09-15,Bob Martinez,bob.m@example.com,Logitech MX Master 3S,Electronics,Europe,1,99.00,10.0,89.10,Completed
ORD-001917,2026-04-06,Evan Hughes,evan.h@example.com,Under-desk Footrest,Furniture,Latin America,1,35.00,20.0,28.00,Completed
ORD-001918,2026-06-29,Alice Walker,alice.w@example.com,Dual Monitor Arm Mount,Furniture,North America,4,75.00,0.0,300.00,Completed
ORD-001919,2026-08-10,Alice Walker,alice.w@example.com,Samsung 4K 32-inch Monitor,Electronics,Latin America,1,499.00,0.0,499.00,Completed
ORD-001920,2026-09-07,Julia Roberts,julia.r@example.com,Apple iPad Air M2,Electronics,Latin America,1,599.00,5.0,569.05,Completed
ORD-001921,2026-07-29,George Clark,george.c@example.com,Security Audit Suite Pro,Software & Cloud,Europe,2,450.00,5.0,855.00,Completed
ORD-001922,2026-09-04,Alice Walker,alice.w@example.com,Dual Monitor Arm Mount,Furniture,Latin America,2,75.00,10.0,135.00,Completed
ORD-001923,2026-08-23,Bob Martinez,bob.m@example.com,LED Desk Lamp with Wireless Charger,Furniture,Europe,1,45.00,20.0,36.00,Completed
ORD-001924,2026-06-19,Charlie Zhang,charlie.z@example.com,Samsung 4K 32-inch Monitor,Electronics,Asia Pacific,2,499.00,0.0,998.00,Completed
ORD-001925,2026-05-18,Hannah Abbott,hannah.a@example.com,API Gateway Developer Pass,Software & Cloud,Asia Pacific,3,299.00,0.0,897.00,Completed
ORD-001926,2026-09-05,Diana Prince,diana.p@example.com,Dual Monitor Arm Mount,Furniture,North America,2,75.00,0.0,150.00,Completed
ORD-001927,2026-05-18,Charlie Zhang,charlie.z@example.com,Premium Hardcover Notebooks (Pack of 3),Office Supplies,North America,1,24.99,0.0,24.99,Pending
ORD-001928,2026-06-06,Diana Prince,diana.p@example.com,Security Audit Suite Pro,Software & Cloud,North America,1,450.00,10.0,405.00,Refunded
ORD-001929,2026-04-22,Hannah Abbott,hannah.a@example.com,Dell XPS 15,Electronics,Latin America,1,1899.00,0.0,1899.00,Pending
ORD-001930,2026-04-17,Evan Hughes,evan.h@example.com,Gel Pen Set (12-pack),Office Supplies,Middle East,2,14.50,0.0,29.00,Completed
ORD-001931,2026-08-25,Diana Prince,diana.p@example.com,Gel Pen Set (12-pack),Office Supplies,North America,1,14.50,5.0,13.77,Completed
ORD-001932,2026-09-21,Charlie Zhang,charlie.z@example.com,Sony WH-1000XM5 Headphones,Electronics,Latin America,5,399.00,0.0,1995.00,Completed
ORD-001933,2026-06-02,George Clark,george.c@example.com,Sony WH-1000XM5 Headphones,Electronics,Middle East,1,399.00,15.0,339.15,Pending
ORD-001934,2026-08-14,Alice Walker,alice.w@example.com,Team Workspace Cloud Storage (1TB),Software & Cloud,Latin America,1,120.00,10.0,108.00,Pending
ORD-001935,2026-09-19,Diana Prince,diana.p@example.com,Dell XPS 15,Electronics,Latin America,1,1899.00,0.0,1899.00,Refunded
ORD-001936,2026-07-31,Ian Malcolm,ian.m@example.com,API Gateway Developer Pass,Software & Cloud,Asia Pacific,1,299.00,0.0,299.00,Completed
ORD-001937,2026-09-23,Alice Walker,alice.w@example.com,Team Workspace Cloud Storage (1TB),Software & Cloud,Middle East,3,120.00,10.0,324.00,Completed
ORD-001938,2026-07-07,Julia Roberts,julia.r@example.com,Sony WH-1000XM5 Headphones,Electronics,Asia Pacific,2,399.00,0.0,798.00,Completed
ORD-001939,2026-08-29,Hannah Abbott,hannah.a@example.com,Dry Erase Magnetic Whiteboard,Office Supplies,Latin America,10,89.00,0.0,890.00,Completed
ORD-001940,2026-08-23,Fiona Gallagher,fiona.g@example.com,Apple iPad Air M2,Electronics,North America,1,599.00,15.0,509.15,Completed
ORD-001941,2026-06-02,Charlie Zhang,charlie.z@example.com,API Gateway Developer Pass,Software & Cloud,Europe,1,299.00,0.0,299.00,Pending
ORD-001942,2026-04-04,Evan Hughes,evan.h@example.com,Under-desk Footrest,Furniture,North America,2,35.00,10.0,63.00,Refunded
ORD-001943,2026-06-07,Charlie Zhang,charlie.z@example.com,SalesPulse Enterprise Annual License,Software & Cloud,Middle East,3,1200.00,0.0,3600.00,Refunded
ORD-001944,2026-04-19,George Clark,george.c@example.com,API Gateway Developer Pass,Software & Cloud,North America,3,299.00,0.0,897.00,Completed
ORD-001945,2026-09-05,Alice Walker,alice.w@example.com,API Gateway Developer Pass,Software & Cloud,Middle East,4,299.00,0.0,1196.00,Completed
ORD-001946,2026-06-04,Diana Prince,diana.p@example.com,Cable Management Kit,Office Supplies,Asia Pacific,1,19.99,5.0,18.99,Refunded
ORD-001947,2026-04-22,Hannah Abbott,hannah.a@example.com,Cable Management Kit,Office Supplies,Asia Pacific,2,19.99,0.0,39.98,Refunded
ORD-001948,2026-05-06,Charlie Zhang,charlie.z@example.com,Premium Hardcover Notebooks (Pack of 3),Office Supplies,North America,1,24.99,0.0,24.99,Pending
ORD-001949,2026-05-11,Bob Martinez,bob.m@example.com,API Gateway Developer Pass,Software & Cloud,Asia Pacific,3,299.00,10.0,807.30,Refunded
ORD-001950,2026-06-20,Charlie Zhang,charlie.z@example.com,LED Desk Lamp with Wireless Charger,Furniture,Latin America,1,45.00,5.0,42.75,Pending
ORD-001951,2026-03-31,Evan Hughes,evan.h@example.com,Dell XPS 15,Electronics,Asia Pacific,1,1899.00,0.0,1899.00,Completed
ORD-001952,2026-07-14,Bob Martinez,bob.m@example.com,Heavy-Duty Desktop Stapler,Office Supplies,Asia Pacific,1,18.00,0.0,18.00,Completed
ORD-001953,2026-07-13,Charlie Zhang,charlie.z@example.com,Under-desk Footrest,Furniture,Middle East,3,35.00,10.0,94.50,Completed
ORD-001954,2026-05-09,Alice Walker,alice.w@example.com,Samsung 4K 32-inch Monitor,Electronics,Middle East,2,499.00,0.0,998.00,Completed
ORD-001955,2026-09-15,Hannah Abbott,hannah.a@example.com,Security Audit Suite Pro,Software & Cloud,Latin America,1,450.00,0.0,450.00,Completed
ORD-001956,2026-08-18,Diana Prince,diana.p@example.com,Premium Hardcover Notebooks (Pack of 3),Office Supplies,Middle East,1,24.99,0.0,24.99,Completed
ORD-001957,2026-07-01,Julia Roberts,julia.r@example.com,Samsung 4K 32-inch Monitor,Electronics,Latin America,4,499.00,0.0,1996.00,Completed
ORD-001958,2026-07-03,Fiona Gallagher,fiona.g@example.com,Security Audit Suite Pro,Software & Cloud,Middle East,2,450.00,15.0,765.00,Completed
ORD-001959,2026-08-26,Julia Roberts,julia.r@example.com,Premium Hardcover Notebooks (Pack of 3),Office Supplies,Asia Pacific,4,24.99,5.0,94.96,Completed
ORD-001960,2026-08-08,Evan Hughes,evan.h@example.com,LED Desk Lamp with Wireless Charger,Furniture,Asia Pacific,1,45.00,0.0,45.00,Refunded
ORD-001961,2026-04-13,Bob Martinez,bob.m@example.com,Dell XPS 15,Electronics,Latin America,2,1899.00,0.0,3798.00,Completed
ORD-001962,2026-03-30,Ian Malcolm,ian.m@example.com,Sony WH-1000XM5 Headphones,Electronics,North America,1,399.00,0.0,399.00,Pending
ORD-001963,2026-06-22,Bob Martinez,bob.m@example.com,LED Desk Lamp with Wireless Charger,Furniture,Asia Pacific,1,45.00,0.0,45.00,Completed
ORD-001964,2026-09-18,Fiona Gallagher,fiona.g@example.com,Dry Erase Magnetic Whiteboard,Office Supplies,Europe,1,89.00,0.0,89.00,Completed
ORD-001965,2026-06-15,Diana Prince,diana.p@example.com,Premium Hardcover Notebooks (Pack of 3),Office Supplies,Middle East,1,24.99,5.0,23.74,Completed
ORD-001966,2026-07-12,Diana Prince,diana.p@example.com,Security Audit Suite Pro,Software & Cloud,Asia Pacific,2,450.00,10.0,810.00,Completed
ORD-001967,2026-04-05,Julia Roberts,julia.r@example.com,Heavy-Duty Desktop Stapler,Office Supplies,Asia Pacific,1,18.00,0.0,18.00,Completed
ORD-001968,2026-07-02,Alice Walker,alice.w@example.com,Dell XPS 15,Electronics,Latin America,1,1899.00,10.0,1709.10,Completed
ORD-001969,2026-05-08,Diana Prince,diana.p@example.com,Sony WH-1000XM5 Headphones,Electronics,Europe,1,399.00,0.0,399.00,Pending
ORD-001970,2026-06-06,Bob Martinez,bob.m@example.com,Samsung 4K 32-inch Monitor,Electronics,Latin America,3,499.00,0.0,1497.00,Completed
ORD-001971,2026-05-25,Diana Prince,diana.p@example.com,Ergonomic Mesh Chair,Furniture,Latin America,2,350.00,0.0,700.00,Completed
ORD-001972,2026-09-05,George Clark,george.c@example.com,Samsung 4K 32-inch Monitor,Electronics,Latin America,1,499.00,0.0,499.00,Completed
ORD-001973,2026-08-06,Charlie Zhang,charlie.z@example.com,Electric Standing Desk 60x30,Furniture,Latin America,1,580.00,0.0,580.00,Completed
ORD-001974,2026-09-16,Fiona Gallagher,fiona.g@example.com,LED Desk Lamp with Wireless Charger,Furniture,Europe,3,45.00,0.0,135.00,Refunded
ORD-001975,2026-07-07,Julia Roberts,julia.r@example.com,Electric Standing Desk 60x30,Furniture,Middle East,1,580.00,0.0,580.00,Refunded
ORD-001976,2026-09-09,Bob Martinez,bob.m@example.com,Sony WH-1000XM5 Headphones,Electronics,Middle East,2,399.00,0.0,798.00,Completed
ORD-001977,2026-04-10,Charlie Zhang,charlie.z@example.com,Security Audit Suite Pro,Software & Cloud,Latin America,3,450.00,0.0,1350.00,Completed
ORD-001978,2026-08-09,Charlie Zhang,charlie.z@example.com,SalesPulse Enterprise Annual License,Software & Cloud,North America,3,1200.00,10.0,3240.00,Completed
ORD-001979,2026-03-28,Bob Martinez,bob.m@example.com,Samsung 4K 32-inch Monitor,Electronics,Latin America,1,499.00,15.0,424.15,Completed
ORD-001980,2026-04-27,Ian Malcolm,ian.m@example.com,Sony WH-1000XM5 Headphones,Electronics,North America,1,399.00,5.0,379.05,Completed
ORD-001981,2026-05-20,George Clark,george.c@example.com,Team Workspace Cloud Storage (1TB),Software & Cloud,North America,1,120.00,15.0,102.00,Refunded
ORD-001982,2026-06-27,Evan Hughes,evan.h@example.com,Team Workspace Cloud Storage (1TB),Software & Cloud,Europe,1,120.00,5.0,114.00,Refunded
ORD-001983,2026-07-10,Alice Walker,alice.w@example.com,Cable Management Kit,Office Supplies,Middle East,2,19.99,0.0,39.98,Completed
ORD-001984,2026-05-11,Ian Malcolm,ian.m@example.com,Dell XPS 15,Electronics,Middle East,1,1899.00,10.0,1709.10,Completed
ORD-001985,2026-06-12,George Clark,george.c@example.com,Premium Hardcover Notebooks (Pack of 3),Office Supplies,Latin America,3,24.99,0.0,74.97,Completed
ORD-001986,2026-04-02,Bob Martinez,bob.m@example.com,Cable Management Kit,Office Supplies,Asia Pacific,1,19.99,0.0,19.99,Completed
ORD-001987,2026-06-25,Alice Walker,alice.w@example.com,Heavy-Duty Desktop Stapler,Office Supplies,Asia Pacific,1,18.00,5.0,17.10,Pending
ORD-001988,2026-04-23,Ian Malcolm,ian.m@example.com,Team Workspace Cloud Storage (1TB),Software & Cloud,Latin America,1,120.00,0.0,120.00,Completed
ORD-001989,2026-05-19,Charlie Zhang,charlie.z@example.com,LED Desk Lamp with Wireless Charger,Furniture,Europe,1,45.00,0.0,45.00,Completed
ORD-001990,2026-06-15,Hannah Abbott,hannah.a@example.com,Under-desk Footrest,Furniture,North America,2,35.00,0.0,70.00,Completed
ORD-001991,2026-04-10,George Clark,george.c@example.com,Team Workspace Cloud Storage (1TB),Software & Cloud,North America,1,120.00,0.0,120.00,Refunded
ORD-001992,2026-05-30,Evan Hughes,evan.h@example.com,Heavy-Duty Desktop Stapler,Office Supplies,Asia Pacific,1,18.00,0.0,18.00,Completed
ORD-001993,2026-05-15,Fiona Gallagher,fiona.g@example.com,Dry Erase Magnetic Whiteboard,Office Supplies,Middle East,4,89.00,10.0,320.40,Completed
ORD-001994,2026-08-22,Evan Hughes,evan.h@example.com,Under-desk Footrest,Furniture,Middle East,1,35.00,0.0,35.00,Completed
ORD-001995,2026-04-12,Bob Martinez,bob.m@example.com,Team Workspace Cloud Storage (1TB),Software & Cloud,Latin America,3,120.00,0.0,360.00,Completed
ORD-001996,2026-05-04,Diana Prince,diana.p@example.com,Premium Hardcover Notebooks (Pack of 3),Office Supplies,North America,1,24.99,20.0,19.99,Pending
ORD-001997,2026-05-28,Evan Hughes,evan.h@example.com,Cable Management Kit,Office Supplies,North America,3,19.99,0.0,59.97,Refunded
ORD-001998,2026-08-22,Ian Malcolm,ian.m@example.com,Electric Standing Desk 60x30,Furniture,Asia Pacific,1,580.00,5.0,551.00,Completed
ORD-001999,2026-05-29,Charlie Zhang,charlie.z@example.com,LED Desk Lamp with Wireless Charger,Furniture,Middle East,3,45.00,0.0,135.00,Completed
ORD-002000,2026-05-30,Diana Prince,diana.p@example.com,Ergonomic Mesh Chair,Furniture,Middle East,4,350.00,5.0,1330.00,Completed
